sequence,device_time_us,elapsed_s,missing_before,flags,overruns,status,ch1_count,ch2_count,ch3_count,ch4_count,ch1_uV,ch2_uV,ch3_uV,ch4_uV
0,0,0.0,0,4,0,c00000,0,49,99,147,0.0,1.0952353477478027,2.212822437286377,3.285706043243408
1,4000,0.004,0,4,0,c00000,124,172,218,261,2.771615982055664,3.8444995880126953,4.872679710388184,5.833804607391357
2,8000,0.008,0,4,0,c00000,240,283,323,359,5.364418029785156,6.32554292678833,7.2196125984191895,8.024275302886963
3,12000,0.012,0,4,0,c00000,342,376,407,434,7.644295692443848,8.404254913330078,9.097158908843994,9.700655937194824
4,16000,0.016,0,4,0,c00000,422,446,466,482,9.432435035705566,9.968876838684082,10.415911674499512,10.773539543151855
5,20000,0.02,0,4,0,c00000,475,488,496,499,10.617077350616455,10.907649993896484,11.086463928222656,11.15351915359497
6,24000,0.024,0,4,0,c00000,499,499,495,486,11.15351915359497,11.15351915359497,11.064112186431885,10.862946510314941
7,28000,0.028,0,4,0,c00000,491,479,462,441,10.974705219268799,10.706484317779541,10.326504707336426,9.857118129730225
8,32000,0.032,0,4,0,c00000,452,428,401,369,10.102987289428711,9.566545486450195,8.963048458099365,8.247792720794678
9,36000,0.036,0,4,0,c00000,385,351,314,273,8.605420589447021,7.845461368560791,7.018446922302246,6.102025508880615
10,40000,0.04,0,4,0,c00000,293,252,207,161,6.549060344696045,5.632638931274414,4.626810550689697,3.598630428314209
11,44000,0.044,0,4,0,c00000,184,136,88,38,4.112720489501953,3.039836883544922,1.9669532775878906,0.8493661880493164
12,48000,0.048,0,4,0,c00000,62,12,-37,-86,1.385807991027832,0.2682209014892578,-0.8270144462585449,-1.9222497940063477
13,52000,0.052,0,4,0,c00000,-62,-111,-159,-206,-1.385807991027832,-2.4810433387756348,-3.553926944732666,-4.604458808898926
14,56000,0.056,0,4,0,c00000,-184,-229,-272,-313,-4.112720489501953,-5.11854887008667,-6.079673767089844,-6.996095180511475
15,60000,0.06,0,4,0,c00000,-293,-332,-368,-400,-6.549060344696045,-7.420778274536133,-8.225440979003906,-8.940696716308594
16,64000,0.064,0,4,0,c00000,-385,-415,-440,-462,-8.605420589447021,-9.275972843170166,-9.834766387939453,-10.326504707336426
17,68000,0.068,0,4,0,c00000,-452,-471,-485,-495,-10.102987289428711,-10.52767038345337,-10.84059476852417,-11.064112186431885
18,72000,0.072,0,4,0,c00000,-491,-498,-499,-496,-10.974705219268799,-11.1311674118042,-11.15351915359497,-11.086463928222656
19,76000,0.076,0,4,0,c00000,-499,-493,-482,-467,-11.15351915359497,-11.019408702850342,-10.773539543151855,-10.438263416290283
20,80000,0.08,0,4,0,c00000,-475,-457,-435,-408,-10.617077350616455,-10.214745998382568,-9.723007678985596,-9.119510650634766
21,84000,0.084,0,4,0,c00000,-422,-393,-360,-324,-9.432435035705566,-8.784234523773193,-8.046627044677734,-7.241964340209961
22,88000,0.088,0,4,0,c00000,-342,-304,-263,-219,-7.644295692443848,-6.794929504394531,-5.8785080909729,-4.895031452178955
23,92000,0.092,0,4,0,c00000,-240,-195,-149,-100,-5.364418029785156,-4.3585896492004395,-3.330409526824951,-2.2351741790771484
24,96000,0.096,0,4,0,c00000,-124,-75,-25,24,-2.771615982055664,-1.6763806343078613,-0.5587935447692871,0.5364418029785156
25,100000,0.1,0,4,0,c00000,0,49,99,147,0.0,1.0952353477478027,2.212822437286377,3.285706043243408
26,104000,0.104,0,4,0,c00000,124,172,218,261,2.771615982055664,3.8444995880126953,4.872679710388184,5.833804607391357
27,108000,0.108,0,4,0,c00000,240,283,323,359,5.364418029785156,6.32554292678833,7.2196125984191895,8.024275302886963
28,112000,0.112,0,4,0,c00000,342,376,407,434,7.644295692443848,8.404254913330078,9.097158908843994,9.700655937194824
29,116000,0.116,0,4,0,c00000,422,446,466,482,9.432435035705566,9.968876838684082,10.415911674499512,10.773539543151855
30,120000,0.12,0,4,0,c00000,475,488,496,499,10.617077350616455,10.907649993896484,11.086463928222656,11.15351915359497
31,124000,0.124,0,4,0,c00000,499,499,495,486,11.15351915359497,11.15351915359497,11.064112186431885,10.862946510314941
32,128000,0.128,0,4,0,c00000,491,479,462,441,10.974705219268799,10.706484317779541,10.326504707336426,9.857118129730225
33,132000,0.132,0,4,0,c00000,452,428,401,369,10.102987289428711,9.566545486450195,8.963048458099365,8.247792720794678
34,136000,0.136,0,4,0,c00000,385,351,314,273,8.605420589447021,7.845461368560791,7.018446922302246,6.102025508880615
35,140000,0.14,0,4,0,c00000,293,252,207,161,6.549060344696045,5.632638931274414,4.626810550689697,3.598630428314209
36,144000,0.144,0,4,0,c00000,184,136,88,38,4.112720489501953,3.039836883544922,1.9669532775878906,0.8493661880493164
37,148000,0.148,0,4,0,c00000,62,12,-37,-86,1.385807991027832,0.2682209014892578,-0.8270144462585449,-1.9222497940063477
38,152000,0.152,0,4,0,c00000,-62,-111,-159,-206,-1.385807991027832,-2.4810433387756348,-3.553926944732666,-4.604458808898926
39,156000,0.156,0,4,0,c00000,-184,-229,-272,-313,-4.112720489501953,-5.11854887008667,-6.079673767089844,-6.996095180511475
40,160000,0.16,0,4,0,c00000,-293,-332,-368,-400,-6.549060344696045,-7.420778274536133,-8.225440979003906,-8.940696716308594
41,164000,0.164,0,4,0,c00000,-385,-415,-440,-462,-8.605420589447021,-9.275972843170166,-9.834766387939453,-10.326504707336426
42,168000,0.168,0,4,0,c00000,-452,-471,-485,-495,-10.102987289428711,-10.52767038345337,-10.84059476852417,-11.064112186431885
43,172000,0.172,0,4,0,c00000,-491,-498,-499,-496,-10.974705219268799,-11.1311674118042,-11.15351915359497,-11.086463928222656
44,176000,0.176,0,4,0,c00000,-499,-493,-482,-467,-11.15351915359497,-11.019408702850342,-10.773539543151855,-10.438263416290283
45,180000,0.18,0,4,0,c00000,-475,-457,-435,-408,-10.617077350616455,-10.214745998382568,-9.723007678985596,-9.119510650634766
46,184000,0.184,0,4,0,c00000,-422,-393,-360,-324,-9.432435035705566,-8.784234523773193,-8.046627044677734,-7.241964340209961
47,188000,0.188,0,4,0,c00000,-342,-304,-263,-219,-7.644295692443848,-6.794929504394531,-5.8785080909729,-4.895031452178955
48,192000,0.192,0,4,0,c00000,-240,-195,-149,-100,-5.364418029785156,-4.3585896492004395,-3.330409526824951,-2.2351741790771484
49,196000,0.196,0,4,0,c00000,-124,-75,-25,24,-2.771615982055664,-1.6763806343078613,-0.5587935447692871,0.5364418029785156
50,200000,0.2,0,4,0,c00000,0,49,99,147,0.0,1.0952353477478027,2.212822437286377,3.285706043243408
51,204000,0.204,0,4,0,c00000,124,172,218,261,2.771615982055664,3.8444995880126953,4.872679710388184,5.833804607391357
52,208000,0.208,0,4,0,c00000,240,283,323,359,5.364418029785156,6.32554292678833,7.2196125984191895,8.024275302886963
53,212000,0.212,0,4,0,c00000,342,376,407,434,7.644295692443848,8.404254913330078,9.097158908843994,9.700655937194824
54,216000,0.216,0,4,0,c00000,422,446,466,482,9.432435035705566,9.968876838684082,10.415911674499512,10.773539543151855
55,220000,0.22,0,4,0,c00000,475,488,496,499,10.617077350616455,10.907649993896484,11.086463928222656,11.15351915359497
56,224000,0.224,0,4,0,c00000,499,499,495,486,11.15351915359497,11.15351915359497,11.064112186431885,10.862946510314941
57,228000,0.228,0,4,0,c00000,491,479,462,441,10.974705219268799,10.706484317779541,10.326504707336426,9.857118129730225
58,232000,0.232,0,4,0,c00000,452,428,401,369,10.102987289428711,9.566545486450195,8.963048458099365,8.247792720794678
59,236000,0.236,0,4,0,c00000,385,351,314,273,8.605420589447021,7.845461368560791,7.018446922302246,6.102025508880615
60,240000,0.24,0,4,0,c00000,293,252,207,161,6.549060344696045,5.632638931274414,4.626810550689697,3.598630428314209
61,244000,0.244,0,4,0,c00000,184,136,88,38,4.112720489501953,3.039836883544922,1.9669532775878906,0.8493661880493164
62,248000,0.248,0,4,0,c00000,62,12,-37,-86,1.385807991027832,0.2682209014892578,-0.8270144462585449,-1.9222497940063477
63,252000,0.252,0,4,0,c00000,-62,-111,-159,-206,-1.385807991027832,-2.4810433387756348,-3.553926944732666,-4.604458808898926
64,256000,0.256,0,4,0,c00000,-184,-229,-272,-313,-4.112720489501953,-5.11854887008667,-6.079673767089844,-6.996095180511475
65,260000,0.26,0,4,0,c00000,-293,-332,-368,-400,-6.549060344696045,-7.420778274536133,-8.225440979003906,-8.940696716308594
66,264000,0.264,0,4,0,c00000,-385,-415,-440,-462,-8.605420589447021,-9.275972843170166,-9.834766387939453,-10.326504707336426
67,268000,0.268,0,4,0,c00000,-452,-471,-485,-495,-10.102987289428711,-10.52767038345337,-10.84059476852417,-11.064112186431885
68,272000,0.272,0,4,0,c00000,-491,-498,-499,-496,-10.974705219268799,-11.1311674118042,-11.15351915359497,-11.086463928222656
69,276000,0.276,0,4,0,c00000,-499,-493,-482,-467,-11.15351915359497,-11.019408702850342,-10.773539543151855,-10.438263416290283
70,280000,0.28,0,4,0,c00000,-475,-457,-435,-408,-10.617077350616455,-10.214745998382568,-9.723007678985596,-9.119510650634766
71,284000,0.284,0,4,0,c00000,-422,-393,-360,-324,-9.432435035705566,-8.784234523773193,-8.046627044677734,-7.241964340209961
72,288000,0.288,0,4,0,c00000,-342,-304,-263,-219,-7.644295692443848,-6.794929504394531,-5.8785080909729,-4.895031452178955
73,292000,0.292,0,4,0,c00000,-240,-195,-149,-100,-5.364418029785156,-4.3585896492004395,-3.330409526824951,-2.2351741790771484
74,296000,0.296,0,4,0,c00000,-124,-75,-25,24,-2.771615982055664,-1.6763806343078613,-0.5587935447692871,0.5364418029785156
75,300000,0.3,0,4,0,c00000,0,49,99,147,0.0,1.0952353477478027,2.212822437286377,3.285706043243408
76,304000,0.304,0,4,0,c00000,124,172,218,261,2.771615982055664,3.8444995880126953,4.872679710388184,5.833804607391357
77,308000,0.308,0,4,0,c00000,240,283,323,359,5.364418029785156,6.32554292678833,7.2196125984191895,8.024275302886963
78,312000,0.312,0,4,0,c00000,342,376,407,434,7.644295692443848,8.404254913330078,9.097158908843994,9.700655937194824
79,316000,0.316,0,4,0,c00000,422,446,466,482,9.432435035705566,9.968876838684082,10.415911674499512,10.773539543151855
80,320000,0.32,0,4,0,c00000,475,488,496,499,10.617077350616455,10.907649993896484,11.086463928222656,11.15351915359497
81,324000,0.324,0,4,0,c00000,499,499,495,486,11.15351915359497,11.15351915359497,11.064112186431885,10.862946510314941
82,328000,0.328,0,4,0,c00000,491,479,462,441,10.974705219268799,10.706484317779541,10.326504707336426,9.857118129730225
83,332000,0.332,0,4,0,c00000,452,428,401,369,10.102987289428711,9.566545486450195,8.963048458099365,8.247792720794678
84,336000,0.336,0,4,0,c00000,385,351,314,273,8.605420589447021,7.845461368560791,7.018446922302246,6.102025508880615
85,340000,0.34,0,4,0,c00000,293,252,207,161,6.549060344696045,5.632638931274414,4.626810550689697,3.598630428314209
86,344000,0.344,0,4,0,c00000,184,136,88,38,4.112720489501953,3.039836883544922,1.9669532775878906,0.8493661880493164
87,348000,0.348,0,4,0,c00000,62,12,-37,-86,1.385807991027832,0.2682209014892578,-0.8270144462585449,-1.9222497940063477
88,352000,0.352,0,4,0,c00000,-62,-111,-159,-206,-1.385807991027832,-2.4810433387756348,-3.553926944732666,-4.604458808898926
89,356000,0.356,0,4,0,c00000,-184,-229,-272,-313,-4.112720489501953,-5.11854887008667,-6.079673767089844,-6.996095180511475
90,360000,0.36,0,4,0,c00000,-293,-332,-368,-400,-6.549060344696045,-7.420778274536133,-8.225440979003906,-8.940696716308594
91,364000,0.364,0,4,0,c00000,-385,-415,-440,-462,-8.605420589447021,-9.275972843170166,-9.834766387939453,-10.326504707336426
92,368000,0.368,0,4,0,c00000,-452,-471,-485,-495,-10.102987289428711,-10.52767038345337,-10.84059476852417,-11.064112186431885
93,372000,0.372,0,4,0,c00000,-491,-498,-499,-496,-10.974705219268799,-11.1311674118042,-11.15351915359497,-11.086463928222656
94,376000,0.376,0,4,0,c00000,-499,-493,-482,-467,-11.15351915359497,-11.019408702850342,-10.773539543151855,-10.438263416290283
95,380000,0.38,0,4,0,c00000,-475,-457,-435,-408,-10.617077350616455,-10.214745998382568,-9.723007678985596,-9.119510650634766
96,384000,0.384,0,4,0,c00000,-422,-393,-360,-324,-9.432435035705566,-8.784234523773193,-8.046627044677734,-7.241964340209961
97,388000,0.388,0,4,0,c00000,-342,-304,-263,-219,-7.644295692443848,-6.794929504394531,-5.8785080909729,-4.895031452178955
98,392000,0.392,0,4,0,c00000,-240,-195,-149,-100,-5.364418029785156,-4.3585896492004395,-3.330409526824951,-2.2351741790771484
99,396000,0.396,0,4,0,c00000,-124,-75,-25,24,-2.771615982055664,-1.6763806343078613,-0.5587935447692871,0.5364418029785156
100,400000,0.4,0,4,0,c00000,0,49,99,147,0.0,1.0952353477478027,2.212822437286377,3.285706043243408
101,404000,0.404,0,4,0,c00000,124,172,218,261,2.771615982055664,3.8444995880126953,4.872679710388184,5.833804607391357
102,408000,0.408,0,4,0,c00000,240,283,323,359,5.364418029785156,6.32554292678833,7.2196125984191895,8.024275302886963
103,412000,0.412,0,4,0,c00000,342,376,407,434,7.644295692443848,8.404254913330078,9.097158908843994,9.700655937194824
104,416000,0.416,0,4,0,c00000,422,446,466,482,9.432435035705566,9.968876838684082,10.415911674499512,10.773539543151855
105,420000,0.42,0,4,0,c00000,475,488,496,499,10.617077350616455,10.907649993896484,11.086463928222656,11.15351915359497
106,424000,0.424,0,4,0,c00000,499,499,495,486,11.15351915359497,11.15351915359497,11.064112186431885,10.862946510314941
107,428000,0.428,0,4,0,c00000,491,479,462,441,10.974705219268799,10.706484317779541,10.326504707336426,9.857118129730225
108,432000,0.432,0,4,0,c00000,452,428,401,369,10.102987289428711,9.566545486450195,8.963048458099365,8.247792720794678
109,436000,0.436,0,4,0,c00000,385,351,314,273,8.605420589447021,7.845461368560791,7.018446922302246,6.102025508880615
110,440000,0.44,0,4,0,c00000,293,252,207,161,6.549060344696045,5.632638931274414,4.626810550689697,3.598630428314209
111,444000,0.444,0,4,0,c00000,184,136,88,38,4.112720489501953,3.039836883544922,1.9669532775878906,0.8493661880493164
112,448000,0.448,0,4,0,c00000,62,12,-37,-86,1.385807991027832,0.2682209014892578,-0.8270144462585449,-1.9222497940063477
113,452000,0.452,0,4,0,c00000,-62,-111,-159,-206,-1.385807991027832,-2.4810433387756348,-3.553926944732666,-4.604458808898926
114,456000,0.456,0,4,0,c00000,-184,-229,-272,-313,-4.112720489501953,-5.11854887008667,-6.079673767089844,-6.996095180511475
115,460000,0.46,0,4,0,c00000,-293,-332,-368,-400,-6.549060344696045,-7.420778274536133,-8.225440979003906,-8.940696716308594
116,464000,0.464,0,4,0,c00000,-385,-415,-440,-462,-8.605420589447021,-9.275972843170166,-9.834766387939453,-10.326504707336426
117,468000,0.468,0,4,0,c00000,-452,-471,-485,-495,-10.102987289428711,-10.52767038345337,-10.84059476852417,-11.064112186431885
118,472000,0.472,0,4,0,c00000,-491,-498,-499,-496,-10.974705219268799,-11.1311674118042,-11.15351915359497,-11.086463928222656
119,476000,0.476,0,4,0,c00000,-499,-493,-482,-467,-11.15351915359497,-11.019408702850342,-10.773539543151855,-10.438263416290283
120,480000,0.48,0,4,0,c00000,-475,-457,-435,-408,-10.617077350616455,-10.214745998382568,-9.723007678985596,-9.119510650634766
121,484000,0.484,0,4,0,c00000,-422,-393,-360,-324,-9.432435035705566,-8.784234523773193,-8.046627044677734,-7.241964340209961
122,488000,0.488,0,4,0,c00000,-342,-304,-263,-219,-7.644295692443848,-6.794929504394531,-5.8785080909729,-4.895031452178955
123,492000,0.492,0,4,0,c00000,-240,-195,-149,-100,-5.364418029785156,-4.3585896492004395,-3.330409526824951,-2.2351741790771484
124,496000,0.496,0,4,0,c00000,-124,-75,-25,24,-2.771615982055664,-1.6763806343078613,-0.5587935447692871,0.5364418029785156
125,500000,0.5,0,4,0,c00000,0,49,99,147,0.0,1.0952353477478027,2.212822437286377,3.285706043243408
126,504000,0.504,0,4,0,c00000,124,172,218,261,2.771615982055664,3.8444995880126953,4.872679710388184,5.833804607391357
127,508000,0.508,0,4,0,c00000,240,283,323,359,5.364418029785156,6.32554292678833,7.2196125984191895,8.024275302886963
128,512000,0.512,0,4,0,c00000,342,376,407,434,7.644295692443848,8.404254913330078,9.097158908843994,9.700655937194824
129,516000,0.516,0,4,0,c00000,422,446,466,482,9.432435035705566,9.968876838684082,10.415911674499512,10.773539543151855
130,520000,0.52,0,4,0,c00000,475,488,496,499,10.617077350616455,10.907649993896484,11.086463928222656,11.15351915359497
131,524000,0.524,0,4,0,c00000,499,499,495,486,11.15351915359497,11.15351915359497,11.064112186431885,10.862946510314941
132,528000,0.528,0,4,0,c00000,491,479,462,441,10.974705219268799,10.706484317779541,10.326504707336426,9.857118129730225
133,532000,0.532,0,4,0,c00000,452,428,401,369,10.102987289428711,9.566545486450195,8.963048458099365,8.247792720794678
134,536000,0.536,0,4,0,c00000,385,351,314,273,8.605420589447021,7.845461368560791,7.018446922302246,6.102025508880615
135,540000,0.54,0,4,0,c00000,293,252,207,161,6.549060344696045,5.632638931274414,4.626810550689697,3.598630428314209
136,544000,0.544,0,4,0,c00000,184,136,88,38,4.112720489501953,3.039836883544922,1.9669532775878906,0.8493661880493164
137,548000,0.548,0,4,0,c00000,62,12,-37,-86,1.385807991027832,0.2682209014892578,-0.8270144462585449,-1.9222497940063477
138,552000,0.552,0,4,0,c00000,-62,-111,-159,-206,-1.385807991027832,-2.4810433387756348,-3.553926944732666,-4.604458808898926
139,556000,0.556,0,4,0,c00000,-184,-229,-272,-313,-4.112720489501953,-5.11854887008667,-6.079673767089844,-6.996095180511475
140,560000,0.56,0,4,0,c00000,-293,-332,-368,-400,-6.549060344696045,-7.420778274536133,-8.225440979003906,-8.940696716308594
141,564000,0.564,0,4,0,c00000,-385,-415,-440,-462,-8.605420589447021,-9.275972843170166,-9.834766387939453,-10.326504707336426
142,568000,0.568,0,4,0,c00000,-452,-471,-485,-495,-10.102987289428711,-10.52767038345337,-10.84059476852417,-11.064112186431885
143,572000,0.572,0,4,0,c00000,-491,-498,-499,-496,-10.974705219268799,-11.1311674118042,-11.15351915359497,-11.086463928222656
144,576000,0.576,0,4,0,c00000,-499,-493,-482,-467,-11.15351915359497,-11.019408702850342,-10.773539543151855,-10.438263416290283
145,580000,0.58,0,4,0,c00000,-475,-457,-435,-408,-10.617077350616455,-10.214745998382568,-9.723007678985596,-9.119510650634766
146,584000,0.584,0,4,0,c00000,-422,-393,-360,-324,-9.432435035705566,-8.784234523773193,-8.046627044677734,-7.241964340209961
147,588000,0.588,0,4,0,c00000,-342,-304,-263,-219,-7.644295692443848,-6.794929504394531,-5.8785080909729,-4.895031452178955
148,592000,0.592,0,4,0,c00000,-240,-195,-149,-100,-5.364418029785156,-4.3585896492004395,-3.330409526824951,-2.2351741790771484
149,596000,0.596,0,4,0,c00000,-124,-75,-25,24,-2.771615982055664,-1.6763806343078613,-0.5587935447692871,0.5364418029785156
150,600000,0.6,0,4,0,c00000,0,49,99,147,0.0,1.0952353477478027,2.212822437286377,3.285706043243408
151,604000,0.604,0,4,0,c00000,124,172,218,261,2.771615982055664,3.8444995880126953,4.872679710388184,5.833804607391357
152,608000,0.608,0,4,0,c00000,240,283,323,359,5.364418029785156,6.32554292678833,7.2196125984191895,8.024275302886963
153,612000,0.612,0,4,0,c00000,342,376,407,434,7.644295692443848,8.404254913330078,9.097158908843994,9.700655937194824
154,616000,0.616,0,4,0,c00000,422,446,466,482,9.432435035705566,9.968876838684082,10.415911674499512,10.773539543151855
155,620000,0.62,0,4,0,c00000,475,488,496,499,10.617077350616455,10.907649993896484,11.086463928222656,11.15351915359497
156,624000,0.624,0,4,0,c00000,499,499,495,486,11.15351915359497,11.15351915359497,11.064112186431885,10.862946510314941
157,628000,0.628,0,4,0,c00000,491,479,462,441,10.974705219268799,10.706484317779541,10.326504707336426,9.857118129730225
158,632000,0.632,0,4,0,c00000,452,428,401,369,10.102987289428711,9.566545486450195,8.963048458099365,8.247792720794678
159,636000,0.636,0,4,0,c00000,385,351,314,273,8.605420589447021,7.845461368560791,7.018446922302246,6.102025508880615
160,640000,0.64,0,4,0,c00000,293,252,207,161,6.549060344696045,5.632638931274414,4.626810550689697,3.598630428314209
161,644000,0.644,0,4,0,c00000,184,136,88,38,4.112720489501953,3.039836883544922,1.9669532775878906,0.8493661880493164
162,648000,0.648,0,4,0,c00000,62,12,-37,-86,1.385807991027832,0.2682209014892578,-0.8270144462585449,-1.9222497940063477
163,652000,0.652,0,4,0,c00000,-62,-111,-159,-206,-1.385807991027832,-2.4810433387756348,-3.553926944732666,-4.604458808898926
164,656000,0.656,0,4,0,c00000,-184,-229,-272,-313,-4.112720489501953,-5.11854887008667,-6.079673767089844,-6.996095180511475
165,660000,0.66,0,4,0,c00000,-293,-332,-368,-400,-6.549060344696045,-7.420778274536133,-8.225440979003906,-8.940696716308594
166,664000,0.664,0,4,0,c00000,-385,-415,-440,-462,-8.605420589447021,-9.275972843170166,-9.834766387939453,-10.326504707336426
167,668000,0.668,0,4,0,c00000,-452,-471,-485,-495,-10.102987289428711,-10.52767038345337,-10.84059476852417,-11.064112186431885
168,672000,0.672,0,4,0,c00000,-491,-498,-499,-496,-10.974705219268799,-11.1311674118042,-11.15351915359497,-11.086463928222656
169,676000,0.676,0,4,0,c00000,-499,-493,-482,-467,-11.15351915359497,-11.019408702850342,-10.773539543151855,-10.438263416290283
170,680000,0.68,0,4,0,c00000,-475,-457,-435,-408,-10.617077350616455,-10.214745998382568,-9.723007678985596,-9.119510650634766
171,684000,0.684,0,4,0,c00000,-422,-393,-360,-324,-9.432435035705566,-8.784234523773193,-8.046627044677734,-7.241964340209961
172,688000,0.688,0,4,0,c00000,-342,-304,-263,-219,-7.644295692443848,-6.794929504394531,-5.8785080909729,-4.895031452178955
173,692000,0.692,0,4,0,c00000,-240,-195,-149,-100,-5.364418029785156,-4.3585896492004395,-3.330409526824951,-2.2351741790771484
174,696000,0.696,0,4,0,c00000,-124,-75,-25,24,-2.771615982055664,-1.6763806343078613,-0.5587935447692871,0.5364418029785156
175,700000,0.7,0,4,0,c00000,0,49,99,147,0.0,1.0952353477478027,2.212822437286377,3.285706043243408
176,704000,0.704,0,4,0,c00000,124,172,218,261,2.771615982055664,3.8444995880126953,4.872679710388184,5.833804607391357
177,708000,0.708,0,4,0,c00000,240,283,323,359,5.364418029785156,6.32554292678833,7.2196125984191895,8.024275302886963
178,712000,0.712,0,4,0,c00000,342,376,407,434,7.644295692443848,8.404254913330078,9.097158908843994,9.700655937194824
179,716000,0.716,0,4,0,c00000,422,446,466,482,9.432435035705566,9.968876838684082,10.415911674499512,10.773539543151855
180,720000,0.72,0,4,0,c00000,475,488,496,499,10.617077350616455,10.907649993896484,11.086463928222656,11.15351915359497
181,724000,0.724,0,4,0,c00000,499,499,495,486,11.15351915359497,11.15351915359497,11.064112186431885,10.862946510314941
182,728000,0.728,0,4,0,c00000,491,479,462,441,10.974705219268799,10.706484317779541,10.326504707336426,9.857118129730225
183,732000,0.732,0,4,0,c00000,452,428,401,369,10.102987289428711,9.566545486450195,8.963048458099365,8.247792720794678
184,736000,0.736,0,4,0,c00000,385,351,314,273,8.605420589447021,7.845461368560791,7.018446922302246,6.102025508880615
185,740000,0.74,0,4,0,c00000,293,252,207,161,6.549060344696045,5.632638931274414,4.626810550689697,3.598630428314209
186,744000,0.744,0,4,0,c00000,184,136,88,38,4.112720489501953,3.039836883544922,1.9669532775878906,0.8493661880493164
187,748000,0.748,0,4,0,c00000,62,12,-37,-86,1.385807991027832,0.2682209014892578,-0.8270144462585449,-1.9222497940063477
188,752000,0.752,0,4,0,c00000,-62,-111,-159,-206,-1.385807991027832,-2.4810433387756348,-3.553926944732666,-4.604458808898926
189,756000,0.756,0,4,0,c00000,-184,-229,-272,-313,-4.112720489501953,-5.11854887008667,-6.079673767089844,-6.996095180511475
190,760000,0.76,0,4,0,c00000,-293,-332,-368,-400,-6.549060344696045,-7.420778274536133,-8.225440979003906,-8.940696716308594
191,764000,0.764,0,4,0,c00000,-385,-415,-440,-462,-8.605420589447021,-9.275972843170166,-9.834766387939453,-10.326504707336426
192,768000,0.768,0,4,0,c00000,-452,-471,-485,-495,-10.102987289428711,-10.52767038345337,-10.84059476852417,-11.064112186431885
193,772000,0.772,0,4,0,c00000,-491,-498,-499,-496,-10.974705219268799,-11.1311674118042,-11.15351915359497,-11.086463928222656
194,776000,0.776,0,4,0,c00000,-499,-493,-482,-467,-11.15351915359497,-11.019408702850342,-10.773539543151855,-10.438263416290283
195,780000,0.78,0,4,0,c00000,-475,-457,-435,-408,-10.617077350616455,-10.214745998382568,-9.723007678985596,-9.119510650634766
196,784000,0.784,0,4,0,c00000,-422,-393,-360,-324,-9.432435035705566,-8.784234523773193,-8.046627044677734,-7.241964340209961
197,788000,0.788,0,4,0,c00000,-342,-304,-263,-219,-7.644295692443848,-6.794929504394531,-5.8785080909729,-4.895031452178955
198,792000,0.792,0,4,0,c00000,-240,-195,-149,-100,-5.364418029785156,-4.3585896492004395,-3.330409526824951,-2.2351741790771484
199,796000,0.796,0,4,0,c00000,-124,-75,-25,24,-2.771615982055664,-1.6763806343078613,-0.5587935447692871,0.5364418029785156
200,800000,0.8,0,4,0,c00000,0,49,99,147,0.0,1.0952353477478027,2.212822437286377,3.285706043243408
201,804000,0.804,0,4,0,c00000,124,172,218,261,2.771615982055664,3.8444995880126953,4.872679710388184,5.833804607391357
202,808000,0.808,0,4,0,c00000,240,283,323,359,5.364418029785156,6.32554292678833,7.2196125984191895,8.024275302886963
203,812000,0.812,0,4,0,c00000,342,376,407,434,7.644295692443848,8.404254913330078,9.097158908843994,9.700655937194824
204,816000,0.816,0,4,0,c00000,422,446,466,482,9.432435035705566,9.968876838684082,10.415911674499512,10.773539543151855
205,820000,0.82,0,4,0,c00000,475,488,496,499,10.617077350616455,10.907649993896484,11.086463928222656,11.15351915359497
206,824000,0.824,0,4,0,c00000,499,499,495,486,11.15351915359497,11.15351915359497,11.064112186431885,10.862946510314941
207,828000,0.828,0,4,0,c00000,491,479,462,441,10.974705219268799,10.706484317779541,10.326504707336426,9.857118129730225
208,832000,0.832,0,4,0,c00000,452,428,401,369,10.102987289428711,9.566545486450195,8.963048458099365,8.247792720794678
209,836000,0.836,0,4,0,c00000,385,351,314,273,8.605420589447021,7.845461368560791,7.018446922302246,6.102025508880615
210,840000,0.84,0,4,0,c00000,293,252,207,161,6.549060344696045,5.632638931274414,4.626810550689697,3.598630428314209
211,844000,0.844,0,4,0,c00000,184,136,88,38,4.112720489501953,3.039836883544922,1.9669532775878906,0.8493661880493164
212,848000,0.848,0,4,0,c00000,62,12,-37,-86,1.385807991027832,0.2682209014892578,-0.8270144462585449,-1.9222497940063477
213,852000,0.852,0,4,0,c00000,-62,-111,-159,-206,-1.385807991027832,-2.4810433387756348,-3.553926944732666,-4.604458808898926
214,856000,0.856,0,4,0,c00000,-184,-229,-272,-313,-4.112720489501953,-5.11854887008667,-6.079673767089844,-6.996095180511475
215,860000,0.86,0,4,0,c00000,-293,-332,-368,-400,-6.549060344696045,-7.420778274536133,-8.225440979003906,-8.940696716308594
216,864000,0.864,0,4,0,c00000,-385,-415,-440,-462,-8.605420589447021,-9.275972843170166,-9.834766387939453,-10.326504707336426
217,868000,0.868,0,4,0,c00000,-452,-471,-485,-495,-10.102987289428711,-10.52767038345337,-10.84059476852417,-11.064112186431885
218,872000,0.872,0,4,0,c00000,-491,-498,-499,-496,-10.974705219268799,-11.1311674118042,-11.15351915359497,-11.086463928222656
219,876000,0.876,0,4,0,c00000,-499,-493,-482,-467,-11.15351915359497,-11.019408702850342,-10.773539543151855,-10.438263416290283
220,880000,0.88,0,4,0,c00000,-475,-457,-435,-408,-10.617077350616455,-10.214745998382568,-9.723007678985596,-9.119510650634766
221,884000,0.884,0,4,0,c00000,-422,-393,-360,-324,-9.432435035705566,-8.784234523773193,-8.046627044677734,-7.241964340209961
222,888000,0.888,0,4,0,c00000,-342,-304,-263,-219,-7.644295692443848,-6.794929504394531,-5.8785080909729,-4.895031452178955
223,892000,0.892,0,4,0,c00000,-240,-195,-149,-100,-5.364418029785156,-4.3585896492004395,-3.330409526824951,-2.2351741790771484
224,896000,0.896,0,4,0,c00000,-124,-75,-25,24,-2.771615982055664,-1.6763806343078613,-0.5587935447692871,0.5364418029785156
225,900000,0.9,0,4,0,c00000,0,49,99,147,0.0,1.0952353477478027,2.212822437286377,3.285706043243408
226,904000,0.904,0,4,0,c00000,124,172,218,261,2.771615982055664,3.8444995880126953,4.872679710388184,5.833804607391357
227,908000,0.908,0,4,0,c00000,240,283,323,359,5.364418029785156,6.32554292678833,7.2196125984191895,8.024275302886963
228,912000,0.912,0,4,0,c00000,342,376,407,434,7.644295692443848,8.404254913330078,9.097158908843994,9.700655937194824
229,916000,0.916,0,4,0,c00000,422,446,466,482,9.432435035705566,9.968876838684082,10.415911674499512,10.773539543151855
230,920000,0.92,0,4,0,c00000,475,488,496,499,10.617077350616455,10.907649993896484,11.086463928222656,11.15351915359497
231,924000,0.924,0,4,0,c00000,499,499,495,486,11.15351915359497,11.15351915359497,11.064112186431885,10.862946510314941
232,928000,0.928,0,4,0,c00000,491,479,462,441,10.974705219268799,10.706484317779541,10.326504707336426,9.857118129730225
233,932000,0.932,0,4,0,c00000,452,428,401,369,10.102987289428711,9.566545486450195,8.963048458099365,8.247792720794678
234,936000,0.936,0,4,0,c00000,385,351,314,273,8.605420589447021,7.845461368560791,7.018446922302246,6.102025508880615
235,940000,0.94,0,4,0,c00000,293,252,207,161,6.549060344696045,5.632638931274414,4.626810550689697,3.598630428314209
236,944000,0.944,0,4,0,c00000,184,136,88,38,4.112720489501953,3.039836883544922,1.9669532775878906,0.8493661880493164
237,948000,0.948,0,4,0,c00000,62,12,-37,-86,1.385807991027832,0.2682209014892578,-0.8270144462585449,-1.9222497940063477
238,952000,0.952,0,4,0,c00000,-62,-111,-159,-206,-1.385807991027832,-2.4810433387756348,-3.553926944732666,-4.604458808898926
239,956000,0.956,0,4,0,c00000,-184,-229,-272,-313,-4.112720489501953,-5.11854887008667,-6.079673767089844,-6.996095180511475
240,960000,0.96,0,4,0,c00000,-293,-332,-368,-400,-6.549060344696045,-7.420778274536133,-8.225440979003906,-8.940696716308594
241,964000,0.964,0,4,0,c00000,-385,-415,-440,-462,-8.605420589447021,-9.275972843170166,-9.834766387939453,-10.326504707336426
242,968000,0.968,0,4,0,c00000,-452,-471,-485,-495,-10.102987289428711,-10.52767038345337,-10.84059476852417,-11.064112186431885
243,972000,0.972,0,4,0,c00000,-491,-498,-499,-496,-10.974705219268799,-11.1311674118042,-11.15351915359497,-11.086463928222656
244,976000,0.976,0,4,0,c00000,-499,-493,-482,-467,-11.15351915359497,-11.019408702850342,-10.773539543151855,-10.438263416290283
245,980000,0.98,0,4,0,c00000,-475,-457,-435,-408,-10.617077350616455,-10.214745998382568,-9.723007678985596,-9.119510650634766
246,984000,0.984,0,4,0,c00000,-422,-393,-360,-324,-9.432435035705566,-8.784234523773193,-8.046627044677734,-7.241964340209961
247,988000,0.988,0,4,0,c00000,-342,-304,-263,-219,-7.644295692443848,-6.794929504394531,-5.8785080909729,-4.895031452178955
248,992000,0.992,0,4,0,c00000,-240,-195,-149,-100,-5.364418029785156,-4.3585896492004395,-3.330409526824951,-2.2351741790771484
249,996000,0.996,0,4,0,c00000,-124,-75,-25,24,-2.771615982055664,-1.6763806343078613,-0.5587935447692871,0.5364418029785156
250,1000000,1.0,0,4,0,c00000,0,49,99,147,0.0,1.0952353477478027,2.212822437286377,3.285706043243408
251,1004000,1.004,0,4,0,c00000,124,172,218,261,2.771615982055664,3.8444995880126953,4.872679710388184,5.833804607391357
252,1008000,1.008,0,4,0,c00000,240,283,323,359,5.364418029785156,6.32554292678833,7.2196125984191895,8.024275302886963
253,1012000,1.012,0,4,0,c00000,342,376,407,434,7.644295692443848,8.404254913330078,9.097158908843994,9.700655937194824
254,1016000,1.016,0,4,0,c00000,422,446,466,482,9.432435035705566,9.968876838684082,10.415911674499512,10.773539543151855
255,1020000,1.02,0,4,0,c00000,475,488,496,499,10.617077350616455,10.907649993896484,11.086463928222656,11.15351915359497
256,1024000,1.024,0,4,0,c00000,499,499,495,486,11.15351915359497,11.15351915359497,11.064112186431885,10.862946510314941
257,1028000,1.028,0,4,0,c00000,491,479,462,441,10.974705219268799,10.706484317779541,10.326504707336426,9.857118129730225
258,1032000,1.032,0,4,0,c00000,452,428,401,369,10.102987289428711,9.566545486450195,8.963048458099365,8.247792720794678
259,1036000,1.036,0,4,0,c00000,385,351,314,273,8.605420589447021,7.845461368560791,7.018446922302246,6.102025508880615
260,1040000,1.04,0,4,0,c00000,293,252,207,161,6.549060344696045,5.632638931274414,4.626810550689697,3.598630428314209
261,1044000,1.044,0,4,0,c00000,184,136,88,38,4.112720489501953,3.039836883544922,1.9669532775878906,0.8493661880493164
262,1048000,1.048,0,4,0,c00000,62,12,-37,-86,1.385807991027832,0.2682209014892578,-0.8270144462585449,-1.9222497940063477
263,1052000,1.052,0,4,0,c00000,-62,-111,-159,-206,-1.385807991027832,-2.4810433387756348,-3.553926944732666,-4.604458808898926
264,1056000,1.056,0,4,0,c00000,-184,-229,-272,-313,-4.112720489501953,-5.11854887008667,-6.079673767089844,-6.996095180511475
265,1060000,1.06,0,4,0,c00000,-293,-332,-368,-400,-6.549060344696045,-7.420778274536133,-8.225440979003906,-8.940696716308594
266,1064000,1.064,0,4,0,c00000,-385,-415,-440,-462,-8.605420589447021,-9.275972843170166,-9.834766387939453,-10.326504707336426
267,1068000,1.068,0,4,0,c00000,-452,-471,-485,-495,-10.102987289428711,-10.52767038345337,-10.84059476852417,-11.064112186431885
268,1072000,1.072,0,4,0,c00000,-491,-498,-499,-496,-10.974705219268799,-11.1311674118042,-11.15351915359497,-11.086463928222656
269,1076000,1.076,0,4,0,c00000,-499,-493,-482,-467,-11.15351915359497,-11.019408702850342,-10.773539543151855,-10.438263416290283
270,1080000,1.08,0,4,0,c00000,-475,-457,-435,-408,-10.617077350616455,-10.214745998382568,-9.723007678985596,-9.119510650634766
271,1084000,1.084,0,4,0,c00000,-422,-393,-360,-324,-9.432435035705566,-8.784234523773193,-8.046627044677734,-7.241964340209961
272,1088000,1.088,0,4,0,c00000,-342,-304,-263,-219,-7.644295692443848,-6.794929504394531,-5.8785080909729,-4.895031452178955
273,1092000,1.092,0,4,0,c00000,-240,-195,-149,-100,-5.364418029785156,-4.3585896492004395,-3.330409526824951,-2.2351741790771484
274,1096000,1.096,0,4,0,c00000,-124,-75,-25,24,-2.771615982055664,-1.6763806343078613,-0.5587935447692871,0.5364418029785156
275,1100000,1.1,0,4,0,c00000,0,49,99,147,0.0,1.0952353477478027,2.212822437286377,3.285706043243408
276,1104000,1.104,0,4,0,c00000,124,172,218,261,2.771615982055664,3.8444995880126953,4.872679710388184,5.833804607391357
277,1108000,1.108,0,4,0,c00000,240,283,323,359,5.364418029785156,6.32554292678833,7.2196125984191895,8.024275302886963
278,1112000,1.112,0,4,0,c00000,342,376,407,434,7.644295692443848,8.404254913330078,9.097158908843994,9.700655937194824
279,1116000,1.116,0,4,0,c00000,422,446,466,482,9.432435035705566,9.968876838684082,10.415911674499512,10.773539543151855
280,1120000,1.12,0,4,0,c00000,475,488,496,499,10.617077350616455,10.907649993896484,11.086463928222656,11.15351915359497
281,1124000,1.124,0,4,0,c00000,499,499,495,486,11.15351915359497,11.15351915359497,11.064112186431885,10.862946510314941
282,1128000,1.128,0,4,0,c00000,491,479,462,441,10.974705219268799,10.706484317779541,10.326504707336426,9.857118129730225
283,1132000,1.132,0,4,0,c00000,452,428,401,369,10.102987289428711,9.566545486450195,8.963048458099365,8.247792720794678
284,1136000,1.136,0,4,0,c00000,385,351,314,273,8.605420589447021,7.845461368560791,7.018446922302246,6.102025508880615
285,1140000,1.14,0,4,0,c00000,293,252,207,161,6.549060344696045,5.632638931274414,4.626810550689697,3.598630428314209
286,1144000,1.144,0,4,0,c00000,184,136,88,38,4.112720489501953,3.039836883544922,1.9669532775878906,0.8493661880493164
287,1148000,1.148,0,4,0,c00000,62,12,-37,-86,1.385807991027832,0.2682209014892578,-0.8270144462585449,-1.9222497940063477
288,1152000,1.152,0,4,0,c00000,-62,-111,-159,-206,-1.385807991027832,-2.4810433387756348,-3.553926944732666,-4.604458808898926
289,1156000,1.156,0,4,0,c00000,-184,-229,-272,-313,-4.112720489501953,-5.11854887008667,-6.079673767089844,-6.996095180511475
290,1160000,1.16,0,4,0,c00000,-293,-332,-368,-400,-6.549060344696045,-7.420778274536133,-8.225440979003906,-8.940696716308594
291,1164000,1.164,0,4,0,c00000,-385,-415,-440,-462,-8.605420589447021,-9.275972843170166,-9.834766387939453,-10.326504707336426
292,1168000,1.168,0,4,0,c00000,-452,-471,-485,-495,-10.102987289428711,-10.52767038345337,-10.84059476852417,-11.064112186431885
293,1172000,1.172,0,4,0,c00000,-491,-498,-499,-496,-10.974705219268799,-11.1311674118042,-11.15351915359497,-11.086463928222656
294,1176000,1.176,0,4,0,c00000,-499,-493,-482,-467,-11.15351915359497,-11.019408702850342,-10.773539543151855,-10.438263416290283
295,1180000,1.18,0,4,0,c00000,-475,-457,-435,-408,-10.617077350616455,-10.214745998382568,-9.723007678985596,-9.119510650634766
296,1184000,1.184,0,4,0,c00000,-422,-393,-360,-324,-9.432435035705566,-8.784234523773193,-8.046627044677734,-7.241964340209961
297,1188000,1.188,0,4,0,c00000,-342,-304,-263,-219,-7.644295692443848,-6.794929504394531,-5.8785080909729,-4.895031452178955
298,1192000,1.192,0,4,0,c00000,-240,-195,-149,-100,-5.364418029785156,-4.3585896492004395,-3.330409526824951,-2.2351741790771484
299,1196000,1.196,0,4,0,c00000,-124,-75,-25,24,-2.771615982055664,-1.6763806343078613,-0.5587935447692871,0.5364418029785156
300,1200000,1.2,0,4,0,c00000,0,49,99,147,0.0,1.0952353477478027,2.212822437286377,3.285706043243408
301,1204000,1.204,0,4,0,c00000,124,172,218,261,2.771615982055664,3.8444995880126953,4.872679710388184,5.833804607391357
302,1208000,1.208,0,4,0,c00000,240,283,323,359,5.364418029785156,6.32554292678833,7.2196125984191895,8.024275302886963
303,1212000,1.212,0,4,0,c00000,342,376,407,434,7.644295692443848,8.404254913330078,9.097158908843994,9.700655937194824
304,1216000,1.216,0,4,0,c00000,422,446,466,482,9.432435035705566,9.968876838684082,10.415911674499512,10.773539543151855
305,1220000,1.22,0,4,0,c00000,475,488,496,499,10.617077350616455,10.907649993896484,11.086463928222656,11.15351915359497
306,1224000,1.224,0,4,0,c00000,499,499,495,486,11.15351915359497,11.15351915359497,11.064112186431885,10.862946510314941
307,1228000,1.228,0,4,0,c00000,491,479,462,441,10.974705219268799,10.706484317779541,10.326504707336426,9.857118129730225
308,1232000,1.232,0,4,0,c00000,452,428,401,369,10.102987289428711,9.566545486450195,8.963048458099365,8.247792720794678
309,1236000,1.236,0,4,0,c00000,385,351,314,273,8.605420589447021,7.845461368560791,7.018446922302246,6.102025508880615
310,1240000,1.24,0,4,0,c00000,293,252,207,161,6.549060344696045,5.632638931274414,4.626810550689697,3.598630428314209
311,1244000,1.244,0,4,0,c00000,184,136,88,38,4.112720489501953,3.039836883544922,1.9669532775878906,0.8493661880493164
312,1248000,1.248,0,4,0,c00000,62,12,-37,-86,1.385807991027832,0.2682209014892578,-0.8270144462585449,-1.9222497940063477
313,1252000,1.252,0,4,0,c00000,-62,-111,-159,-206,-1.385807991027832,-2.4810433387756348,-3.553926944732666,-4.604458808898926
314,1256000,1.256,0,4,0,c00000,-184,-229,-272,-313,-4.112720489501953,-5.11854887008667,-6.079673767089844,-6.996095180511475
315,1260000,1.26,0,4,0,c00000,-293,-332,-368,-400,-6.549060344696045,-7.420778274536133,-8.225440979003906,-8.940696716308594
316,1264000,1.264,0,4,0,c00000,-385,-415,-440,-462,-8.605420589447021,-9.275972843170166,-9.834766387939453,-10.326504707336426
317,1268000,1.268,0,4,0,c00000,-452,-471,-485,-495,-10.102987289428711,-10.52767038345337,-10.84059476852417,-11.064112186431885
318,1272000,1.272,0,4,0,c00000,-491,-498,-499,-496,-10.974705219268799,-11.1311674118042,-11.15351915359497,-11.086463928222656
319,1276000,1.276,0,4,0,c00000,-499,-493,-482,-467,-11.15351915359497,-11.019408702850342,-10.773539543151855,-10.438263416290283
320,1280000,1.28,0,4,0,c00000,-475,-457,-435,-408,-10.617077350616455,-10.214745998382568,-9.723007678985596,-9.119510650634766
321,1284000,1.284,0,4,0,c00000,-422,-393,-360,-324,-9.432435035705566,-8.784234523773193,-8.046627044677734,-7.241964340209961
322,1288000,1.288,0,4,0,c00000,-342,-304,-263,-219,-7.644295692443848,-6.794929504394531,-5.8785080909729,-4.895031452178955
323,1292000,1.292,0,4,0,c00000,-240,-195,-149,-100,-5.364418029785156,-4.3585896492004395,-3.330409526824951,-2.2351741790771484
324,1296000,1.296,0,4,0,c00000,-124,-75,-25,24,-2.771615982055664,-1.6763806343078613,-0.5587935447692871,0.5364418029785156
325,1300000,1.3,0,4,0,c00000,0,49,99,147,0.0,1.0952353477478027,2.212822437286377,3.285706043243408
326,1304000,1.304,0,4,0,c00000,124,172,218,261,2.771615982055664,3.8444995880126953,4.872679710388184,5.833804607391357
327,1308000,1.308,0,4,0,c00000,240,283,323,359,5.364418029785156,6.32554292678833,7.2196125984191895,8.024275302886963
328,1312000,1.312,0,4,0,c00000,342,376,407,434,7.644295692443848,8.404254913330078,9.097158908843994,9.700655937194824
329,1316000,1.316,0,4,0,c00000,422,446,466,482,9.432435035705566,9.968876838684082,10.415911674499512,10.773539543151855
330,1320000,1.32,0,4,0,c00000,475,488,496,499,10.617077350616455,10.907649993896484,11.086463928222656,11.15351915359497
331,1324000,1.324,0,4,0,c00000,499,499,495,486,11.15351915359497,11.15351915359497,11.064112186431885,10.862946510314941
332,1328000,1.328,0,4,0,c00000,491,479,462,441,10.974705219268799,10.706484317779541,10.326504707336426,9.857118129730225
333,1332000,1.332,0,4,0,c00000,452,428,401,369,10.102987289428711,9.566545486450195,8.963048458099365,8.247792720794678
334,1336000,1.336,0,4,0,c00000,385,351,314,273,8.605420589447021,7.845461368560791,7.018446922302246,6.102025508880615
335,1340000,1.34,0,4,0,c00000,293,252,207,161,6.549060344696045,5.632638931274414,4.626810550689697,3.598630428314209
336,1344000,1.344,0,4,0,c00000,184,136,88,38,4.112720489501953,3.039836883544922,1.9669532775878906,0.8493661880493164
337,1348000,1.348,0,4,0,c00000,62,12,-37,-86,1.385807991027832,0.2682209014892578,-0.8270144462585449,-1.9222497940063477
338,1352000,1.352,0,4,0,c00000,-62,-111,-159,-206,-1.385807991027832,-2.4810433387756348,-3.553926944732666,-4.604458808898926
339,1356000,1.356,0,4,0,c00000,-184,-229,-272,-313,-4.112720489501953,-5.11854887008667,-6.079673767089844,-6.996095180511475
340,1360000,1.36,0,4,0,c00000,-293,-332,-368,-400,-6.549060344696045,-7.420778274536133,-8.225440979003906,-8.940696716308594
341,1364000,1.364,0,4,0,c00000,-385,-415,-440,-462,-8.605420589447021,-9.275972843170166,-9.834766387939453,-10.326504707336426
342,1368000,1.368,0,4,0,c00000,-452,-471,-485,-495,-10.102987289428711,-10.52767038345337,-10.84059476852417,-11.064112186431885
343,1372000,1.372,0,4,0,c00000,-491,-498,-499,-496,-10.974705219268799,-11.1311674118042,-11.15351915359497,-11.086463928222656
344,1376000,1.376,0,4,0,c00000,-499,-493,-482,-467,-11.15351915359497,-11.019408702850342,-10.773539543151855,-10.438263416290283
345,1380000,1.38,0,4,0,c00000,-475,-457,-435,-408,-10.617077350616455,-10.214745998382568,-9.723007678985596,-9.119510650634766
346,1384000,1.384,0,4,0,c00000,-422,-393,-360,-324,-9.432435035705566,-8.784234523773193,-8.046627044677734,-7.241964340209961
347,1388000,1.388,0,4,0,c00000,-342,-304,-263,-219,-7.644295692443848,-6.794929504394531,-5.8785080909729,-4.895031452178955
348,1392000,1.392,0,4,0,c00000,-240,-195,-149,-100,-5.364418029785156,-4.3585896492004395,-3.330409526824951,-2.2351741790771484
349,1396000,1.396,0,4,0,c00000,-124,-75,-25,24,-2.771615982055664,-1.6763806343078613,-0.5587935447692871,0.5364418029785156
350,1400000,1.4,0,4,0,c00000,0,49,99,147,0.0,1.0952353477478027,2.212822437286377,3.285706043243408
351,1404000,1.404,0,4,0,c00000,124,172,218,261,2.771615982055664,3.8444995880126953,4.872679710388184,5.833804607391357
352,1408000,1.408,0,4,0,c00000,240,283,323,359,5.364418029785156,6.32554292678833,7.2196125984191895,8.024275302886963
353,1412000,1.412,0,4,0,c00000,342,376,407,434,7.644295692443848,8.404254913330078,9.097158908843994,9.700655937194824
354,1416000,1.416,0,4,0,c00000,422,446,466,482,9.432435035705566,9.968876838684082,10.415911674499512,10.773539543151855
355,1420000,1.42,0,4,0,c00000,475,488,496,499,10.617077350616455,10.907649993896484,11.086463928222656,11.15351915359497
356,1424000,1.424,0,4,0,c00000,499,499,495,486,11.15351915359497,11.15351915359497,11.064112186431885,10.862946510314941
357,1428000,1.428,0,4,0,c00000,491,479,462,441,10.974705219268799,10.706484317779541,10.326504707336426,9.857118129730225
358,1432000,1.432,0,4,0,c00000,452,428,401,369,10.102987289428711,9.566545486450195,8.963048458099365,8.247792720794678
359,1436000,1.436,0,4,0,c00000,385,351,314,273,8.605420589447021,7.845461368560791,7.018446922302246,6.102025508880615
360,1440000,1.44,0,4,0,c00000,293,252,207,161,6.549060344696045,5.632638931274414,4.626810550689697,3.598630428314209
361,1444000,1.444,0,4,0,c00000,184,136,88,38,4.112720489501953,3.039836883544922,1.9669532775878906,0.8493661880493164
362,1448000,1.448,0,4,0,c00000,62,12,-37,-86,1.385807991027832,0.2682209014892578,-0.8270144462585449,-1.9222497940063477
363,1452000,1.452,0,4,0,c00000,-62,-111,-159,-206,-1.385807991027832,-2.4810433387756348,-3.553926944732666,-4.604458808898926
364,1456000,1.456,0,4,0,c00000,-184,-229,-272,-313,-4.112720489501953,-5.11854887008667,-6.079673767089844,-6.996095180511475
365,1460000,1.46,0,4,0,c00000,-293,-332,-368,-400,-6.549060344696045,-7.420778274536133,-8.225440979003906,-8.940696716308594
366,1464000,1.464,0,4,0,c00000,-385,-415,-440,-462,-8.605420589447021,-9.275972843170166,-9.834766387939453,-10.326504707336426
367,1468000,1.468,0,4,0,c00000,-452,-471,-485,-495,-10.102987289428711,-10.52767038345337,-10.84059476852417,-11.064112186431885
368,1472000,1.472,0,4,0,c00000,-491,-498,-499,-496,-10.974705219268799,-11.1311674118042,-11.15351915359497,-11.086463928222656
369,1476000,1.476,0,4,0,c00000,-499,-493,-482,-467,-11.15351915359497,-11.019408702850342,-10.773539543151855,-10.438263416290283
370,1480000,1.48,0,4,0,c00000,-475,-457,-435,-408,-10.617077350616455,-10.214745998382568,-9.723007678985596,-9.119510650634766
371,1484000,1.484,0,4,0,c00000,-422,-393,-360,-324,-9.432435035705566,-8.784234523773193,-8.046627044677734,-7.241964340209961
372,1488000,1.488,0,4,0,c00000,-342,-304,-263,-219,-7.644295692443848,-6.794929504394531,-5.8785080909729,-4.895031452178955
373,1492000,1.492,0,4,0,c00000,-240,-195,-149,-100,-5.364418029785156,-4.3585896492004395,-3.330409526824951,-2.2351741790771484
374,1496000,1.496,0,4,0,c00000,-124,-75,-25,24,-2.771615982055664,-1.6763806343078613,-0.5587935447692871,0.5364418029785156
375,1500000,1.5,0,4,0,c00000,0,49,99,147,0.0,1.0952353477478027,2.212822437286377,3.285706043243408
376,1504000,1.504,0,4,0,c00000,124,172,218,261,2.771615982055664,3.8444995880126953,4.872679710388184,5.833804607391357
377,1508000,1.508,0,4,0,c00000,240,283,323,359,5.364418029785156,6.32554292678833,7.2196125984191895,8.024275302886963
378,1512000,1.512,0,4,0,c00000,342,376,407,434,7.644295692443848,8.404254913330078,9.097158908843994,9.700655937194824
379,1516000,1.516,0,4,0,c00000,422,446,466,482,9.432435035705566,9.968876838684082,10.415911674499512,10.773539543151855
380,1520000,1.52,0,4,0,c00000,475,488,496,499,10.617077350616455,10.907649993896484,11.086463928222656,11.15351915359497
381,1524000,1.524,0,4,0,c00000,499,499,495,486,11.15351915359497,11.15351915359497,11.064112186431885,10.862946510314941
382,1528000,1.528,0,4,0,c00000,491,479,462,441,10.974705219268799,10.706484317779541,10.326504707336426,9.857118129730225
383,1532000,1.532,0,4,0,c00000,452,428,401,369,10.102987289428711,9.566545486450195,8.963048458099365,8.247792720794678
384,1536000,1.536,0,4,0,c00000,385,351,314,273,8.605420589447021,7.845461368560791,7.018446922302246,6.102025508880615
385,1540000,1.54,0,4,0,c00000,293,252,207,161,6.549060344696045,5.632638931274414,4.626810550689697,3.598630428314209
386,1544000,1.544,0,4,0,c00000,184,136,88,38,4.112720489501953,3.039836883544922,1.9669532775878906,0.8493661880493164
387,1548000,1.548,0,4,0,c00000,62,12,-37,-86,1.385807991027832,0.2682209014892578,-0.8270144462585449,-1.9222497940063477
388,1552000,1.552,0,4,0,c00000,-62,-111,-159,-206,-1.385807991027832,-2.4810433387756348,-3.553926944732666,-4.604458808898926
389,1556000,1.556,0,4,0,c00000,-184,-229,-272,-313,-4.112720489501953,-5.11854887008667,-6.079673767089844,-6.996095180511475
390,1560000,1.56,0,4,0,c00000,-293,-332,-368,-400,-6.549060344696045,-7.420778274536133,-8.225440979003906,-8.940696716308594
391,1564000,1.564,0,4,0,c00000,-385,-415,-440,-462,-8.605420589447021,-9.275972843170166,-9.834766387939453,-10.326504707336426
392,1568000,1.568,0,4,0,c00000,-452,-471,-485,-495,-10.102987289428711,-10.52767038345337,-10.84059476852417,-11.064112186431885
393,1572000,1.572,0,4,0,c00000,-491,-498,-499,-496,-10.974705219268799,-11.1311674118042,-11.15351915359497,-11.086463928222656
394,1576000,1.576,0,4,0,c00000,-499,-493,-482,-467,-11.15351915359497,-11.019408702850342,-10.773539543151855,-10.438263416290283
395,1580000,1.58,0,4,0,c00000,-475,-457,-435,-408,-10.617077350616455,-10.214745998382568,-9.723007678985596,-9.119510650634766
396,1584000,1.584,0,4,0,c00000,-422,-393,-360,-324,-9.432435035705566,-8.784234523773193,-8.046627044677734,-7.241964340209961
397,1588000,1.588,0,4,0,c00000,-342,-304,-263,-219,-7.644295692443848,-6.794929504394531,-5.8785080909729,-4.895031452178955
398,1592000,1.592,0,4,0,c00000,-240,-195,-149,-100,-5.364418029785156,-4.3585896492004395,-3.330409526824951,-2.2351741790771484
399,1596000,1.596,0,4,0,c00000,-124,-75,-25,24,-2.771615982055664,-1.6763806343078613,-0.5587935447692871,0.5364418029785156
400,1600000,1.6,0,4,0,c00000,0,49,99,147,0.0,1.0952353477478027,2.212822437286377,3.285706043243408
401,1604000,1.604,0,4,0,c00000,124,172,218,261,2.771615982055664,3.8444995880126953,4.872679710388184,5.833804607391357
402,1608000,1.608,0,4,0,c00000,240,283,323,359,5.364418029785156,6.32554292678833,7.2196125984191895,8.024275302886963
403,1612000,1.612,0,4,0,c00000,342,376,407,434,7.644295692443848,8.404254913330078,9.097158908843994,9.700655937194824
404,1616000,1.616,0,4,0,c00000,422,446,466,482,9.432435035705566,9.968876838684082,10.415911674499512,10.773539543151855
405,1620000,1.62,0,4,0,c00000,475,488,496,499,10.617077350616455,10.907649993896484,11.086463928222656,11.15351915359497
406,1624000,1.624,0,4,0,c00000,499,499,495,486,11.15351915359497,11.15351915359497,11.064112186431885,10.862946510314941
407,1628000,1.628,0,4,0,c00000,491,479,462,441,10.974705219268799,10.706484317779541,10.326504707336426,9.857118129730225
408,1632000,1.632,0,4,0,c00000,452,428,401,369,10.102987289428711,9.566545486450195,8.963048458099365,8.247792720794678
409,1636000,1.636,0,4,0,c00000,385,351,314,273,8.605420589447021,7.845461368560791,7.018446922302246,6.102025508880615
410,1640000,1.64,0,4,0,c00000,293,252,207,161,6.549060344696045,5.632638931274414,4.626810550689697,3.598630428314209
411,1644000,1.644,0,4,0,c00000,184,136,88,38,4.112720489501953,3.039836883544922,1.9669532775878906,0.8493661880493164
412,1648000,1.648,0,4,0,c00000,62,12,-37,-86,1.385807991027832,0.2682209014892578,-0.8270144462585449,-1.9222497940063477
413,1652000,1.652,0,4,0,c00000,-62,-111,-159,-206,-1.385807991027832,-2.4810433387756348,-3.553926944732666,-4.604458808898926
414,1656000,1.656,0,4,0,c00000,-184,-229,-272,-313,-4.112720489501953,-5.11854887008667,-6.079673767089844,-6.996095180511475
415,1660000,1.66,0,4,0,c00000,-293,-332,-368,-400,-6.549060344696045,-7.420778274536133,-8.225440979003906,-8.940696716308594
416,1664000,1.664,0,4,0,c00000,-385,-415,-440,-462,-8.605420589447021,-9.275972843170166,-9.834766387939453,-10.326504707336426
417,1668000,1.668,0,4,0,c00000,-452,-471,-485,-495,-10.102987289428711,-10.52767038345337,-10.84059476852417,-11.064112186431885
418,1672000,1.672,0,4,0,c00000,-491,-498,-499,-496,-10.974705219268799,-11.1311674118042,-11.15351915359497,-11.086463928222656
419,1676000,1.676,0,4,0,c00000,-499,-493,-482,-467,-11.15351915359497,-11.019408702850342,-10.773539543151855,-10.438263416290283
420,1680000,1.68,0,4,0,c00000,-475,-457,-435,-408,-10.617077350616455,-10.214745998382568,-9.723007678985596,-9.119510650634766
421,1684000,1.684,0,4,0,c00000,-422,-393,-360,-324,-9.432435035705566,-8.784234523773193,-8.046627044677734,-7.241964340209961
422,1688000,1.688,0,4,0,c00000,-342,-304,-263,-219,-7.644295692443848,-6.794929504394531,-5.8785080909729,-4.895031452178955
423,1692000,1.692,0,4,0,c00000,-240,-195,-149,-100,-5.364418029785156,-4.3585896492004395,-3.330409526824951,-2.2351741790771484
424,1696000,1.696,0,4,0,c00000,-124,-75,-25,24,-2.771615982055664,-1.6763806343078613,-0.5587935447692871,0.5364418029785156
425,1700000,1.7,0,4,0,c00000,0,49,99,147,0.0,1.0952353477478027,2.212822437286377,3.285706043243408
426,1704000,1.704,0,4,0,c00000,124,172,218,261,2.771615982055664,3.8444995880126953,4.872679710388184,5.833804607391357
427,1708000,1.708,0,4,0,c00000,240,283,323,359,5.364418029785156,6.32554292678833,7.2196125984191895,8.024275302886963
428,1712000,1.712,0,4,0,c00000,342,376,407,434,7.644295692443848,8.404254913330078,9.097158908843994,9.700655937194824
429,1716000,1.716,0,4,0,c00000,422,446,466,482,9.432435035705566,9.968876838684082,10.415911674499512,10.773539543151855
430,1720000,1.72,0,4,0,c00000,475,488,496,499,10.617077350616455,10.907649993896484,11.086463928222656,11.15351915359497
431,1724000,1.724,0,4,0,c00000,499,499,495,486,11.15351915359497,11.15351915359497,11.064112186431885,10.862946510314941
432,1728000,1.728,0,4,0,c00000,491,479,462,441,10.974705219268799,10.706484317779541,10.326504707336426,9.857118129730225
433,1732000,1.732,0,4,0,c00000,452,428,401,369,10.102987289428711,9.566545486450195,8.963048458099365,8.247792720794678
434,1736000,1.736,0,4,0,c00000,385,351,314,273,8.605420589447021,7.845461368560791,7.018446922302246,6.102025508880615
435,1740000,1.74,0,4,0,c00000,293,252,207,161,6.549060344696045,5.632638931274414,4.626810550689697,3.598630428314209
436,1744000,1.744,0,4,0,c00000,184,136,88,38,4.112720489501953,3.039836883544922,1.9669532775878906,0.8493661880493164
437,1748000,1.748,0,4,0,c00000,62,12,-37,-86,1.385807991027832,0.2682209014892578,-0.8270144462585449,-1.9222497940063477
438,1752000,1.752,0,4,0,c00000,-62,-111,-159,-206,-1.385807991027832,-2.4810433387756348,-3.553926944732666,-4.604458808898926
439,1756000,1.756,0,4,0,c00000,-184,-229,-272,-313,-4.112720489501953,-5.11854887008667,-6.079673767089844,-6.996095180511475
440,1760000,1.76,0,4,0,c00000,-293,-332,-368,-400,-6.549060344696045,-7.420778274536133,-8.225440979003906,-8.940696716308594
441,1764000,1.764,0,4,0,c00000,-385,-415,-440,-462,-8.605420589447021,-9.275972843170166,-9.834766387939453,-10.326504707336426
442,1768000,1.768,0,4,0,c00000,-452,-471,-485,-495,-10.102987289428711,-10.52767038345337,-10.84059476852417,-11.064112186431885
443,1772000,1.772,0,4,0,c00000,-491,-498,-499,-496,-10.974705219268799,-11.1311674118042,-11.15351915359497,-11.086463928222656
444,1776000,1.776,0,4,0,c00000,-499,-493,-482,-467,-11.15351915359497,-11.019408702850342,-10.773539543151855,-10.438263416290283
445,1780000,1.78,0,4,0,c00000,-475,-457,-435,-408,-10.617077350616455,-10.214745998382568,-9.723007678985596,-9.119510650634766
446,1784000,1.784,0,4,0,c00000,-422,-393,-360,-324,-9.432435035705566,-8.784234523773193,-8.046627044677734,-7.241964340209961
447,1788000,1.788,0,4,0,c00000,-342,-304,-263,-219,-7.644295692443848,-6.794929504394531,-5.8785080909729,-4.895031452178955
448,1792000,1.792,0,4,0,c00000,-240,-195,-149,-100,-5.364418029785156,-4.3585896492004395,-3.330409526824951,-2.2351741790771484
449,1796000,1.796,0,4,0,c00000,-124,-75,-25,24,-2.771615982055664,-1.6763806343078613,-0.5587935447692871,0.5364418029785156
450,1800000,1.8,0,4,0,c00000,0,49,99,147,0.0,1.0952353477478027,2.212822437286377,3.285706043243408
451,1804000,1.804,0,4,0,c00000,124,172,218,261,2.771615982055664,3.8444995880126953,4.872679710388184,5.833804607391357
452,1808000,1.808,0,4,0,c00000,240,283,323,359,5.364418029785156,6.32554292678833,7.2196125984191895,8.024275302886963
453,1812000,1.812,0,4,0,c00000,342,376,407,434,7.644295692443848,8.404254913330078,9.097158908843994,9.700655937194824
454,1816000,1.816,0,4,0,c00000,422,446,466,482,9.432435035705566,9.968876838684082,10.415911674499512,10.773539543151855
455,1820000,1.82,0,4,0,c00000,475,488,496,499,10.617077350616455,10.907649993896484,11.086463928222656,11.15351915359497
456,1824000,1.824,0,4,0,c00000,499,499,495,486,11.15351915359497,11.15351915359497,11.064112186431885,10.862946510314941
457,1828000,1.828,0,4,0,c00000,491,479,462,441,10.974705219268799,10.706484317779541,10.326504707336426,9.857118129730225
458,1832000,1.832,0,4,0,c00000,452,428,401,369,10.102987289428711,9.566545486450195,8.963048458099365,8.247792720794678
459,1836000,1.836,0,4,0,c00000,385,351,314,273,8.605420589447021,7.845461368560791,7.018446922302246,6.102025508880615
460,1840000,1.84,0,4,0,c00000,293,252,207,161,6.549060344696045,5.632638931274414,4.626810550689697,3.598630428314209
461,1844000,1.844,0,4,0,c00000,184,136,88,38,4.112720489501953,3.039836883544922,1.9669532775878906,0.8493661880493164
462,1848000,1.848,0,4,0,c00000,62,12,-37,-86,1.385807991027832,0.2682209014892578,-0.8270144462585449,-1.9222497940063477
463,1852000,1.852,0,4,0,c00000,-62,-111,-159,-206,-1.385807991027832,-2.4810433387756348,-3.553926944732666,-4.604458808898926
464,1856000,1.856,0,4,0,c00000,-184,-229,-272,-313,-4.112720489501953,-5.11854887008667,-6.079673767089844,-6.996095180511475
465,1860000,1.86,0,4,0,c00000,-293,-332,-368,-400,-6.549060344696045,-7.420778274536133,-8.225440979003906,-8.940696716308594
466,1864000,1.864,0,4,0,c00000,-385,-415,-440,-462,-8.605420589447021,-9.275972843170166,-9.834766387939453,-10.326504707336426
467,1868000,1.868,0,4,0,c00000,-452,-471,-485,-495,-10.102987289428711,-10.52767038345337,-10.84059476852417,-11.064112186431885
468,1872000,1.872,0,4,0,c00000,-491,-498,-499,-496,-10.974705219268799,-11.1311674118042,-11.15351915359497,-11.086463928222656
469,1876000,1.876,0,4,0,c00000,-499,-493,-482,-467,-11.15351915359497,-11.019408702850342,-10.773539543151855,-10.438263416290283
470,1880000,1.88,0,4,0,c00000,-475,-457,-435,-408,-10.617077350616455,-10.214745998382568,-9.723007678985596,-9.119510650634766
471,1884000,1.884,0,4,0,c00000,-422,-393,-360,-324,-9.432435035705566,-8.784234523773193,-8.046627044677734,-7.241964340209961
472,1888000,1.888,0,4,0,c00000,-342,-304,-263,-219,-7.644295692443848,-6.794929504394531,-5.8785080909729,-4.895031452178955
473,1892000,1.892,0,4,0,c00000,-240,-195,-149,-100,-5.364418029785156,-4.3585896492004395,-3.330409526824951,-2.2351741790771484
474,1896000,1.896,0,4,0,c00000,-124,-75,-25,24,-2.771615982055664,-1.6763806343078613,-0.5587935447692871,0.5364418029785156
475,1900000,1.9,0,4,0,c00000,0,49,99,147,0.0,1.0952353477478027,2.212822437286377,3.285706043243408
476,1904000,1.904,0,4,0,c00000,124,172,218,261,2.771615982055664,3.8444995880126953,4.872679710388184,5.833804607391357
477,1908000,1.908,0,4,0,c00000,240,283,323,359,5.364418029785156,6.32554292678833,7.2196125984191895,8.024275302886963
478,1912000,1.912,0,4,0,c00000,342,376,407,434,7.644295692443848,8.404254913330078,9.097158908843994,9.700655937194824
479,1916000,1.916,0,4,0,c00000,422,446,466,482,9.432435035705566,9.968876838684082,10.415911674499512,10.773539543151855
480,1920000,1.92,0,4,0,c00000,475,488,496,499,10.617077350616455,10.907649993896484,11.086463928222656,11.15351915359497
481,1924000,1.924,0,4,0,c00000,499,499,495,486,11.15351915359497,11.15351915359497,11.064112186431885,10.862946510314941
482,1928000,1.928,0,4,0,c00000,491,479,462,441,10.974705219268799,10.706484317779541,10.326504707336426,9.857118129730225
483,1932000,1.932,0,4,0,c00000,452,428,401,369,10.102987289428711,9.566545486450195,8.963048458099365,8.247792720794678
484,1936000,1.936,0,4,0,c00000,385,351,314,273,8.605420589447021,7.845461368560791,7.018446922302246,6.102025508880615
485,1940000,1.94,0,4,0,c00000,293,252,207,161,6.549060344696045,5.632638931274414,4.626810550689697,3.598630428314209
486,1944000,1.944,0,4,0,c00000,184,136,88,38,4.112720489501953,3.039836883544922,1.9669532775878906,0.8493661880493164
487,1948000,1.948,0,4,0,c00000,62,12,-37,-86,1.385807991027832,0.2682209014892578,-0.8270144462585449,-1.9222497940063477
488,1952000,1.952,0,4,0,c00000,-62,-111,-159,-206,-1.385807991027832,-2.4810433387756348,-3.553926944732666,-4.604458808898926
489,1956000,1.956,0,4,0,c00000,-184,-229,-272,-313,-4.112720489501953,-5.11854887008667,-6.079673767089844,-6.996095180511475
490,1960000,1.96,0,4,0,c00000,-293,-332,-368,-400,-6.549060344696045,-7.420778274536133,-8.225440979003906,-8.940696716308594
491,1964000,1.964,0,4,0,c00000,-385,-415,-440,-462,-8.605420589447021,-9.275972843170166,-9.834766387939453,-10.326504707336426
492,1968000,1.968,0,4,0,c00000,-452,-471,-485,-495,-10.102987289428711,-10.52767038345337,-10.84059476852417,-11.064112186431885
493,1972000,1.972,0,4,0,c00000,-491,-498,-499,-496,-10.974705219268799,-11.1311674118042,-11.15351915359497,-11.086463928222656
494,1976000,1.976,0,4,0,c00000,-499,-493,-482,-467,-11.15351915359497,-11.019408702850342,-10.773539543151855,-10.438263416290283
495,1980000,1.98,0,4,0,c00000,-475,-457,-435,-408,-10.617077350616455,-10.214745998382568,-9.723007678985596,-9.119510650634766
496,1984000,1.984,0,4,0,c00000,-422,-393,-360,-324,-9.432435035705566,-8.784234523773193,-8.046627044677734,-7.241964340209961
497,1988000,1.988,0,4,0,c00000,-342,-304,-263,-219,-7.644295692443848,-6.794929504394531,-5.8785080909729,-4.895031452178955
498,1992000,1.992,0,4,0,c00000,-240,-195,-149,-100,-5.364418029785156,-4.3585896492004395,-3.330409526824951,-2.2351741790771484
499,1996000,1.996,0,4,0,c00000,-124,-75,-25,24,-2.771615982055664,-1.6763806343078613,-0.5587935447692871,0.5364418029785156
500,2000000,2.0,0,4,0,c00000,0,49,99,147,0.0,1.0952353477478027,2.212822437286377,3.285706043243408
501,2004000,2.004,0,4,0,c00000,124,172,218,261,2.771615982055664,3.8444995880126953,4.872679710388184,5.833804607391357
502,2008000,2.008,0,4,0,c00000,240,283,323,359,5.364418029785156,6.32554292678833,7.2196125984191895,8.024275302886963
503,2012000,2.012,0,4,0,c00000,342,376,407,434,7.644295692443848,8.404254913330078,9.097158908843994,9.700655937194824
504,2016000,2.016,0,4,0,c00000,422,446,466,482,9.432435035705566,9.968876838684082,10.415911674499512,10.773539543151855
505,2020000,2.02,0,4,0,c00000,475,488,496,499,10.617077350616455,10.907649993896484,11.086463928222656,11.15351915359497
506,2024000,2.024,0,4,0,c00000,499,499,495,486,11.15351915359497,11.15351915359497,11.064112186431885,10.862946510314941
507,2028000,2.028,0,4,0,c00000,491,479,462,441,10.974705219268799,10.706484317779541,10.326504707336426,9.857118129730225
508,2032000,2.032,0,4,0,c00000,452,428,401,369,10.102987289428711,9.566545486450195,8.963048458099365,8.247792720794678
509,2036000,2.036,0,4,0,c00000,385,351,314,273,8.605420589447021,7.845461368560791,7.018446922302246,6.102025508880615
510,2040000,2.04,0,4,0,c00000,293,252,207,161,6.549060344696045,5.632638931274414,4.626810550689697,3.598630428314209
511,2044000,2.044,0,4,0,c00000,184,136,88,38,4.112720489501953,3.039836883544922,1.9669532775878906,0.8493661880493164
512,2048000,2.048,0,4,0,c00000,62,12,-37,-86,1.385807991027832,0.2682209014892578,-0.8270144462585449,-1.9222497940063477
513,2052000,2.052,0,4,0,c00000,-62,-111,-159,-206,-1.385807991027832,-2.4810433387756348,-3.553926944732666,-4.604458808898926
514,2056000,2.056,0,4,0,c00000,-184,-229,-272,-313,-4.112720489501953,-5.11854887008667,-6.079673767089844,-6.996095180511475
515,2060000,2.06,0,4,0,c00000,-293,-332,-368,-400,-6.549060344696045,-7.420778274536133,-8.225440979003906,-8.940696716308594
516,2064000,2.064,0,4,0,c00000,-385,-415,-440,-462,-8.605420589447021,-9.275972843170166,-9.834766387939453,-10.326504707336426
517,2068000,2.068,0,4,0,c00000,-452,-471,-485,-495,-10.102987289428711,-10.52767038345337,-10.84059476852417,-11.064112186431885
518,2072000,2.072,0,4,0,c00000,-491,-498,-499,-496,-10.974705219268799,-11.1311674118042,-11.15351915359497,-11.086463928222656
519,2076000,2.076,0,4,0,c00000,-499,-493,-482,-467,-11.15351915359497,-11.019408702850342,-10.773539543151855,-10.438263416290283
520,2080000,2.08,0,4,0,c00000,-475,-457,-435,-408,-10.617077350616455,-10.214745998382568,-9.723007678985596,-9.119510650634766
521,2084000,2.084,0,4,0,c00000,-422,-393,-360,-324,-9.432435035705566,-8.784234523773193,-8.046627044677734,-7.241964340209961
522,2088000,2.088,0,4,0,c00000,-342,-304,-263,-219,-7.644295692443848,-6.794929504394531,-5.8785080909729,-4.895031452178955
523,2092000,2.092,0,4,0,c00000,-240,-195,-149,-100,-5.364418029785156,-4.3585896492004395,-3.330409526824951,-2.2351741790771484
524,2096000,2.096,0,4,0,c00000,-124,-75,-25,24,-2.771615982055664,-1.6763806343078613,-0.5587935447692871,0.5364418029785156
525,2100000,2.1,0,4,0,c00000,0,49,99,147,0.0,1.0952353477478027,2.212822437286377,3.285706043243408
526,2104000,2.104,0,4,0,c00000,124,172,218,261,2.771615982055664,3.8444995880126953,4.872679710388184,5.833804607391357
527,2108000,2.108,0,4,0,c00000,240,283,323,359,5.364418029785156,6.32554292678833,7.2196125984191895,8.024275302886963
528,2112000,2.112,0,4,0,c00000,342,376,407,434,7.644295692443848,8.404254913330078,9.097158908843994,9.700655937194824
529,2116000,2.116,0,4,0,c00000,422,446,466,482,9.432435035705566,9.968876838684082,10.415911674499512,10.773539543151855
530,2120000,2.12,0,4,0,c00000,475,488,496,499,10.617077350616455,10.907649993896484,11.086463928222656,11.15351915359497
531,2124000,2.124,0,4,0,c00000,499,499,495,486,11.15351915359497,11.15351915359497,11.064112186431885,10.862946510314941
532,2128000,2.128,0,4,0,c00000,491,479,462,441,10.974705219268799,10.706484317779541,10.326504707336426,9.857118129730225
533,2132000,2.132,0,4,0,c00000,452,428,401,369,10.102987289428711,9.566545486450195,8.963048458099365,8.247792720794678
534,2136000,2.136,0,4,0,c00000,385,351,314,273,8.605420589447021,7.845461368560791,7.018446922302246,6.102025508880615
535,2140000,2.14,0,4,0,c00000,293,252,207,161,6.549060344696045,5.632638931274414,4.626810550689697,3.598630428314209
536,2144000,2.144,0,4,0,c00000,184,136,88,38,4.112720489501953,3.039836883544922,1.9669532775878906,0.8493661880493164
537,2148000,2.148,0,4,0,c00000,62,12,-37,-86,1.385807991027832,0.2682209014892578,-0.8270144462585449,-1.9222497940063477
538,2152000,2.152,0,4,0,c00000,-62,-111,-159,-206,-1.385807991027832,-2.4810433387756348,-3.553926944732666,-4.604458808898926
539,2156000,2.156,0,4,0,c00000,-184,-229,-272,-313,-4.112720489501953,-5.11854887008667,-6.079673767089844,-6.996095180511475
540,2160000,2.16,0,4,0,c00000,-293,-332,-368,-400,-6.549060344696045,-7.420778274536133,-8.225440979003906,-8.940696716308594
541,2164000,2.164,0,4,0,c00000,-385,-415,-440,-462,-8.605420589447021,-9.275972843170166,-9.834766387939453,-10.326504707336426
542,2168000,2.168,0,4,0,c00000,-452,-471,-485,-495,-10.102987289428711,-10.52767038345337,-10.84059476852417,-11.064112186431885
543,2172000,2.172,0,4,0,c00000,-491,-498,-499,-496,-10.974705219268799,-11.1311674118042,-11.15351915359497,-11.086463928222656
544,2176000,2.176,0,4,0,c00000,-499,-493,-482,-467,-11.15351915359497,-11.019408702850342,-10.773539543151855,-10.438263416290283
545,2180000,2.18,0,4,0,c00000,-475,-457,-435,-408,-10.617077350616455,-10.214745998382568,-9.723007678985596,-9.119510650634766
546,2184000,2.184,0,4,0,c00000,-422,-393,-360,-324,-9.432435035705566,-8.784234523773193,-8.046627044677734,-7.241964340209961
547,2188000,2.188,0,4,0,c00000,-342,-304,-263,-219,-7.644295692443848,-6.794929504394531,-5.8785080909729,-4.895031452178955
548,2192000,2.192,0,4,0,c00000,-240,-195,-149,-100,-5.364418029785156,-4.3585896492004395,-3.330409526824951,-2.2351741790771484
549,2196000,2.196,0,4,0,c00000,-124,-75,-25,24,-2.771615982055664,-1.6763806343078613,-0.5587935447692871,0.5364418029785156
550,2200000,2.2,0,4,0,c00000,0,49,99,147,0.0,1.0952353477478027,2.212822437286377,3.285706043243408
551,2204000,2.204,0,4,0,c00000,124,172,218,261,2.771615982055664,3.8444995880126953,4.872679710388184,5.833804607391357
552,2208000,2.208,0,4,0,c00000,240,283,323,359,5.364418029785156,6.32554292678833,7.2196125984191895,8.024275302886963
553,2212000,2.212,0,4,0,c00000,342,376,407,434,7.644295692443848,8.404254913330078,9.097158908843994,9.700655937194824
554,2216000,2.216,0,4,0,c00000,422,446,466,482,9.432435035705566,9.968876838684082,10.415911674499512,10.773539543151855
555,2220000,2.22,0,4,0,c00000,475,488,496,499,10.617077350616455,10.907649993896484,11.086463928222656,11.15351915359497
556,2224000,2.224,0,4,0,c00000,499,499,495,486,11.15351915359497,11.15351915359497,11.064112186431885,10.862946510314941
557,2228000,2.228,0,4,0,c00000,491,479,462,441,10.974705219268799,10.706484317779541,10.326504707336426,9.857118129730225
558,2232000,2.232,0,4,0,c00000,452,428,401,369,10.102987289428711,9.566545486450195,8.963048458099365,8.247792720794678
559,2236000,2.236,0,4,0,c00000,385,351,314,273,8.605420589447021,7.845461368560791,7.018446922302246,6.102025508880615
560,2240000,2.24,0,4,0,c00000,293,252,207,161,6.549060344696045,5.632638931274414,4.626810550689697,3.598630428314209
561,2244000,2.244,0,4,0,c00000,184,136,88,38,4.112720489501953,3.039836883544922,1.9669532775878906,0.8493661880493164
562,2248000,2.248,0,4,0,c00000,62,12,-37,-86,1.385807991027832,0.2682209014892578,-0.8270144462585449,-1.9222497940063477
563,2252000,2.252,0,4,0,c00000,-62,-111,-159,-206,-1.385807991027832,-2.4810433387756348,-3.553926944732666,-4.604458808898926
564,2256000,2.256,0,4,0,c00000,-184,-229,-272,-313,-4.112720489501953,-5.11854887008667,-6.079673767089844,-6.996095180511475
565,2260000,2.26,0,4,0,c00000,-293,-332,-368,-400,-6.549060344696045,-7.420778274536133,-8.225440979003906,-8.940696716308594
566,2264000,2.264,0,4,0,c00000,-385,-415,-440,-462,-8.605420589447021,-9.275972843170166,-9.834766387939453,-10.326504707336426
567,2268000,2.268,0,4,0,c00000,-452,-471,-485,-495,-10.102987289428711,-10.52767038345337,-10.84059476852417,-11.064112186431885
568,2272000,2.272,0,4,0,c00000,-491,-498,-499,-496,-10.974705219268799,-11.1311674118042,-11.15351915359497,-11.086463928222656
569,2276000,2.276,0,4,0,c00000,-499,-493,-482,-467,-11.15351915359497,-11.019408702850342,-10.773539543151855,-10.438263416290283
570,2280000,2.28,0,4,0,c00000,-475,-457,-435,-408,-10.617077350616455,-10.214745998382568,-9.723007678985596,-9.119510650634766
571,2284000,2.284,0,4,0,c00000,-422,-393,-360,-324,-9.432435035705566,-8.784234523773193,-8.046627044677734,-7.241964340209961
572,2288000,2.288,0,4,0,c00000,-342,-304,-263,-219,-7.644295692443848,-6.794929504394531,-5.8785080909729,-4.895031452178955
573,2292000,2.292,0,4,0,c00000,-240,-195,-149,-100,-5.364418029785156,-4.3585896492004395,-3.330409526824951,-2.2351741790771484
574,2296000,2.296,0,4,0,c00000,-124,-75,-25,24,-2.771615982055664,-1.6763806343078613,-0.5587935447692871,0.5364418029785156
575,2300000,2.3,0,4,0,c00000,0,49,99,147,0.0,1.0952353477478027,2.212822437286377,3.285706043243408
576,2304000,2.304,0,4,0,c00000,124,172,218,261,2.771615982055664,3.8444995880126953,4.872679710388184,5.833804607391357
577,2308000,2.308,0,4,0,c00000,240,283,323,359,5.364418029785156,6.32554292678833,7.2196125984191895,8.024275302886963
578,2312000,2.312,0,4,0,c00000,342,376,407,434,7.644295692443848,8.404254913330078,9.097158908843994,9.700655937194824
579,2316000,2.316,0,4,0,c00000,422,446,466,482,9.432435035705566,9.968876838684082,10.415911674499512,10.773539543151855
580,2320000,2.32,0,4,0,c00000,475,488,496,499,10.617077350616455,10.907649993896484,11.086463928222656,11.15351915359497
581,2324000,2.324,0,4,0,c00000,499,499,495,486,11.15351915359497,11.15351915359497,11.064112186431885,10.862946510314941
582,2328000,2.328,0,4,0,c00000,491,479,462,441,10.974705219268799,10.706484317779541,10.326504707336426,9.857118129730225
583,2332000,2.332,0,4,0,c00000,452,428,401,369,10.102987289428711,9.566545486450195,8.963048458099365,8.247792720794678
584,2336000,2.336,0,4,0,c00000,385,351,314,273,8.605420589447021,7.845461368560791,7.018446922302246,6.102025508880615
585,2340000,2.34,0,4,0,c00000,293,252,207,161,6.549060344696045,5.632638931274414,4.626810550689697,3.598630428314209
586,2344000,2.344,0,4,0,c00000,184,136,88,38,4.112720489501953,3.039836883544922,1.9669532775878906,0.8493661880493164
587,2348000,2.348,0,4,0,c00000,62,12,-37,-86,1.385807991027832,0.2682209014892578,-0.8270144462585449,-1.9222497940063477
588,2352000,2.352,0,4,0,c00000,-62,-111,-159,-206,-1.385807991027832,-2.4810433387756348,-3.553926944732666,-4.604458808898926
589,2356000,2.356,0,4,0,c00000,-184,-229,-272,-313,-4.112720489501953,-5.11854887008667,-6.079673767089844,-6.996095180511475
590,2360000,2.36,0,4,0,c00000,-293,-332,-368,-400,-6.549060344696045,-7.420778274536133,-8.225440979003906,-8.940696716308594
591,2364000,2.364,0,4,0,c00000,-385,-415,-440,-462,-8.605420589447021,-9.275972843170166,-9.834766387939453,-10.326504707336426
592,2368000,2.368,0,4,0,c00000,-452,-471,-485,-495,-10.102987289428711,-10.52767038345337,-10.84059476852417,-11.064112186431885
593,2372000,2.372,0,4,0,c00000,-491,-498,-499,-496,-10.974705219268799,-11.1311674118042,-11.15351915359497,-11.086463928222656
594,2376000,2.376,0,4,0,c00000,-499,-493,-482,-467,-11.15351915359497,-11.019408702850342,-10.773539543151855,-10.438263416290283
595,2380000,2.38,0,4,0,c00000,-475,-457,-435,-408,-10.617077350616455,-10.214745998382568,-9.723007678985596,-9.119510650634766
596,2384000,2.384,0,4,0,c00000,-422,-393,-360,-324,-9.432435035705566,-8.784234523773193,-8.046627044677734,-7.241964340209961
597,2388000,2.388,0,4,0,c00000,-342,-304,-263,-219,-7.644295692443848,-6.794929504394531,-5.8785080909729,-4.895031452178955
598,2392000,2.392,0,4,0,c00000,-240,-195,-149,-100,-5.364418029785156,-4.3585896492004395,-3.330409526824951,-2.2351741790771484
599,2396000,2.396,0,4,0,c00000,-124,-75,-25,24,-2.771615982055664,-1.6763806343078613,-0.5587935447692871,0.5364418029785156
600,2400000,2.4,0,4,0,c00000,0,49,99,147,0.0,1.0952353477478027,2.212822437286377,3.285706043243408
601,2404000,2.404,0,4,0,c00000,124,172,218,261,2.771615982055664,3.8444995880126953,4.872679710388184,5.833804607391357
602,2408000,2.408,0,4,0,c00000,240,283,323,359,5.364418029785156,6.32554292678833,7.2196125984191895,8.024275302886963
603,2412000,2.412,0,4,0,c00000,342,376,407,434,7.644295692443848,8.404254913330078,9.097158908843994,9.700655937194824
604,2416000,2.416,0,4,0,c00000,422,446,466,482,9.432435035705566,9.968876838684082,10.415911674499512,10.773539543151855
605,2420000,2.42,0,4,0,c00000,475,488,496,499,10.617077350616455,10.907649993896484,11.086463928222656,11.15351915359497
606,2424000,2.424,0,4,0,c00000,499,499,495,486,11.15351915359497,11.15351915359497,11.064112186431885,10.862946510314941
607,2428000,2.428,0,4,0,c00000,491,479,462,441,10.974705219268799,10.706484317779541,10.326504707336426,9.857118129730225
608,2432000,2.432,0,4,0,c00000,452,428,401,369,10.102987289428711,9.566545486450195,8.963048458099365,8.247792720794678
609,2436000,2.436,0,4,0,c00000,385,351,314,273,8.605420589447021,7.845461368560791,7.018446922302246,6.102025508880615
610,2440000,2.44,0,4,0,c00000,293,252,207,161,6.549060344696045,5.632638931274414,4.626810550689697,3.598630428314209
611,2444000,2.444,0,4,0,c00000,184,136,88,38,4.112720489501953,3.039836883544922,1.9669532775878906,0.8493661880493164
612,2448000,2.448,0,4,0,c00000,62,12,-37,-86,1.385807991027832,0.2682209014892578,-0.8270144462585449,-1.9222497940063477
613,2452000,2.452,0,4,0,c00000,-62,-111,-159,-206,-1.385807991027832,-2.4810433387756348,-3.553926944732666,-4.604458808898926
614,2456000,2.456,0,4,0,c00000,-184,-229,-272,-313,-4.112720489501953,-5.11854887008667,-6.079673767089844,-6.996095180511475
615,2460000,2.46,0,4,0,c00000,-293,-332,-368,-400,-6.549060344696045,-7.420778274536133,-8.225440979003906,-8.940696716308594
616,2464000,2.464,0,4,0,c00000,-385,-415,-440,-462,-8.605420589447021,-9.275972843170166,-9.834766387939453,-10.326504707336426
617,2468000,2.468,0,4,0,c00000,-452,-471,-485,-495,-10.102987289428711,-10.52767038345337,-10.84059476852417,-11.064112186431885
618,2472000,2.472,0,4,0,c00000,-491,-498,-499,-496,-10.974705219268799,-11.1311674118042,-11.15351915359497,-11.086463928222656
619,2476000,2.476,0,4,0,c00000,-499,-493,-482,-467,-11.15351915359497,-11.019408702850342,-10.773539543151855,-10.438263416290283
620,2480000,2.48,0,4,0,c00000,-475,-457,-435,-408,-10.617077350616455,-10.214745998382568,-9.723007678985596,-9.119510650634766
621,2484000,2.484,0,4,0,c00000,-422,-393,-360,-324,-9.432435035705566,-8.784234523773193,-8.046627044677734,-7.241964340209961
622,2488000,2.488,0,4,0,c00000,-342,-304,-263,-219,-7.644295692443848,-6.794929504394531,-5.8785080909729,-4.895031452178955
623,2492000,2.492,0,4,0,c00000,-240,-195,-149,-100,-5.364418029785156,-4.3585896492004395,-3.330409526824951,-2.2351741790771484
624,2496000,2.496,0,4,0,c00000,-124,-75,-25,24,-2.771615982055664,-1.6763806343078613,-0.5587935447692871,0.5364418029785156
625,2500000,2.5,0,4,0,c00000,0,49,99,147,0.0,1.0952353477478027,2.212822437286377,3.285706043243408
626,2504000,2.504,0,4,0,c00000,124,172,218,261,2.771615982055664,3.8444995880126953,4.872679710388184,5.833804607391357
627,2508000,2.508,0,4,0,c00000,240,283,323,359,5.364418029785156,6.32554292678833,7.2196125984191895,8.024275302886963
628,2512000,2.512,0,4,0,c00000,342,376,407,434,7.644295692443848,8.404254913330078,9.097158908843994,9.700655937194824
629,2516000,2.516,0,4,0,c00000,422,446,466,482,9.432435035705566,9.968876838684082,10.415911674499512,10.773539543151855
630,2520000,2.52,0,4,0,c00000,475,488,496,499,10.617077350616455,10.907649993896484,11.086463928222656,11.15351915359497
631,2524000,2.524,0,4,0,c00000,499,499,495,486,11.15351915359497,11.15351915359497,11.064112186431885,10.862946510314941
632,2528000,2.528,0,4,0,c00000,491,479,462,441,10.974705219268799,10.706484317779541,10.326504707336426,9.857118129730225
633,2532000,2.532,0,4,0,c00000,452,428,401,369,10.102987289428711,9.566545486450195,8.963048458099365,8.247792720794678
634,2536000,2.536,0,4,0,c00000,385,351,314,273,8.605420589447021,7.845461368560791,7.018446922302246,6.102025508880615
635,2540000,2.54,0,4,0,c00000,293,252,207,161,6.549060344696045,5.632638931274414,4.626810550689697,3.598630428314209
636,2544000,2.544,0,4,0,c00000,184,136,88,38,4.112720489501953,3.039836883544922,1.9669532775878906,0.8493661880493164
637,2548000,2.548,0,4,0,c00000,62,12,-37,-86,1.385807991027832,0.2682209014892578,-0.8270144462585449,-1.9222497940063477
638,2552000,2.552,0,4,0,c00000,-62,-111,-159,-206,-1.385807991027832,-2.4810433387756348,-3.553926944732666,-4.604458808898926
639,2556000,2.556,0,4,0,c00000,-184,-229,-272,-313,-4.112720489501953,-5.11854887008667,-6.079673767089844,-6.996095180511475
640,2560000,2.56,0,4,0,c00000,-293,-332,-368,-400,-6.549060344696045,-7.420778274536133,-8.225440979003906,-8.940696716308594
641,2564000,2.564,0,4,0,c00000,-385,-415,-440,-462,-8.605420589447021,-9.275972843170166,-9.834766387939453,-10.326504707336426
642,2568000,2.568,0,4,0,c00000,-452,-471,-485,-495,-10.102987289428711,-10.52767038345337,-10.84059476852417,-11.064112186431885
643,2572000,2.572,0,4,0,c00000,-491,-498,-499,-496,-10.974705219268799,-11.1311674118042,-11.15351915359497,-11.086463928222656
644,2576000,2.576,0,4,0,c00000,-499,-493,-482,-467,-11.15351915359497,-11.019408702850342,-10.773539543151855,-10.438263416290283
645,2580000,2.58,0,4,0,c00000,-475,-457,-435,-408,-10.617077350616455,-10.214745998382568,-9.723007678985596,-9.119510650634766
646,2584000,2.584,0,4,0,c00000,-422,-393,-360,-324,-9.432435035705566,-8.784234523773193,-8.046627044677734,-7.241964340209961
647,2588000,2.588,0,4,0,c00000,-342,-304,-263,-219,-7.644295692443848,-6.794929504394531,-5.8785080909729,-4.895031452178955
648,2592000,2.592,0,4,0,c00000,-240,-195,-149,-100,-5.364418029785156,-4.3585896492004395,-3.330409526824951,-2.2351741790771484
649,2596000,2.596,0,4,0,c00000,-124,-75,-25,24,-2.771615982055664,-1.6763806343078613,-0.5587935447692871,0.5364418029785156
650,2600000,2.6,0,4,0,c00000,0,49,99,147,0.0,1.0952353477478027,2.212822437286377,3.285706043243408
651,2604000,2.604,0,4,0,c00000,124,172,218,261,2.771615982055664,3.8444995880126953,4.872679710388184,5.833804607391357
652,2608000,2.608,0,4,0,c00000,240,283,323,359,5.364418029785156,6.32554292678833,7.2196125984191895,8.024275302886963
653,2612000,2.612,0,4,0,c00000,342,376,407,434,7.644295692443848,8.404254913330078,9.097158908843994,9.700655937194824
654,2616000,2.616,0,4,0,c00000,422,446,466,482,9.432435035705566,9.968876838684082,10.415911674499512,10.773539543151855
655,2620000,2.62,0,4,0,c00000,475,488,496,499,10.617077350616455,10.907649993896484,11.086463928222656,11.15351915359497
656,2624000,2.624,0,4,0,c00000,499,499,495,486,11.15351915359497,11.15351915359497,11.064112186431885,10.862946510314941
657,2628000,2.628,0,4,0,c00000,491,479,462,441,10.974705219268799,10.706484317779541,10.326504707336426,9.857118129730225
658,2632000,2.632,0,4,0,c00000,452,428,401,369,10.102987289428711,9.566545486450195,8.963048458099365,8.247792720794678
659,2636000,2.636,0,4,0,c00000,385,351,314,273,8.605420589447021,7.845461368560791,7.018446922302246,6.102025508880615
660,2640000,2.64,0,4,0,c00000,293,252,207,161,6.549060344696045,5.632638931274414,4.626810550689697,3.598630428314209
661,2644000,2.644,0,4,0,c00000,184,136,88,38,4.112720489501953,3.039836883544922,1.9669532775878906,0.8493661880493164
662,2648000,2.648,0,4,0,c00000,62,12,-37,-86,1.385807991027832,0.2682209014892578,-0.8270144462585449,-1.9222497940063477
663,2652000,2.652,0,4,0,c00000,-62,-111,-159,-206,-1.385807991027832,-2.4810433387756348,-3.553926944732666,-4.604458808898926
664,2656000,2.656,0,4,0,c00000,-184,-229,-272,-313,-4.112720489501953,-5.11854887008667,-6.079673767089844,-6.996095180511475
665,2660000,2.66,0,4,0,c00000,-293,-332,-368,-400,-6.549060344696045,-7.420778274536133,-8.225440979003906,-8.940696716308594
666,2664000,2.664,0,4,0,c00000,-385,-415,-440,-462,-8.605420589447021,-9.275972843170166,-9.834766387939453,-10.326504707336426
667,2668000,2.668,0,4,0,c00000,-452,-471,-485,-495,-10.102987289428711,-10.52767038345337,-10.84059476852417,-11.064112186431885
668,2672000,2.672,0,4,0,c00000,-491,-498,-499,-496,-10.974705219268799,-11.1311674118042,-11.15351915359497,-11.086463928222656
669,2676000,2.676,0,4,0,c00000,-499,-493,-482,-467,-11.15351915359497,-11.019408702850342,-10.773539543151855,-10.438263416290283
670,2680000,2.68,0,4,0,c00000,-475,-457,-435,-408,-10.617077350616455,-10.214745998382568,-9.723007678985596,-9.119510650634766
671,2684000,2.684,0,4,0,c00000,-422,-393,-360,-324,-9.432435035705566,-8.784234523773193,-8.046627044677734,-7.241964340209961
672,2688000,2.688,0,4,0,c00000,-342,-304,-263,-219,-7.644295692443848,-6.794929504394531,-5.8785080909729,-4.895031452178955
673,2692000,2.692,0,4,0,c00000,-240,-195,-149,-100,-5.364418029785156,-4.3585896492004395,-3.330409526824951,-2.2351741790771484
674,2696000,2.696,0,4,0,c00000,-124,-75,-25,24,-2.771615982055664,-1.6763806343078613,-0.5587935447692871,0.5364418029785156
675,2700000,2.7,0,4,0,c00000,0,49,99,147,0.0,1.0952353477478027,2.212822437286377,3.285706043243408
676,2704000,2.704,0,4,0,c00000,124,172,218,261,2.771615982055664,3.8444995880126953,4.872679710388184,5.833804607391357
677,2708000,2.708,0,4,0,c00000,240,283,323,359,5.364418029785156,6.32554292678833,7.2196125984191895,8.024275302886963
678,2712000,2.712,0,4,0,c00000,342,376,407,434,7.644295692443848,8.404254913330078,9.097158908843994,9.700655937194824
679,2716000,2.716,0,4,0,c00000,422,446,466,482,9.432435035705566,9.968876838684082,10.415911674499512,10.773539543151855
680,2720000,2.72,0,4,0,c00000,475,488,496,499,10.617077350616455,10.907649993896484,11.086463928222656,11.15351915359497
681,2724000,2.724,0,4,0,c00000,499,499,495,486,11.15351915359497,11.15351915359497,11.064112186431885,10.862946510314941
682,2728000,2.728,0,4,0,c00000,491,479,462,441,10.974705219268799,10.706484317779541,10.326504707336426,9.857118129730225
683,2732000,2.732,0,4,0,c00000,452,428,401,369,10.102987289428711,9.566545486450195,8.963048458099365,8.247792720794678
684,2736000,2.736,0,4,0,c00000,385,351,314,273,8.605420589447021,7.845461368560791,7.018446922302246,6.102025508880615
685,2740000,2.74,0,4,0,c00000,293,252,207,161,6.549060344696045,5.632638931274414,4.626810550689697,3.598630428314209
686,2744000,2.744,0,4,0,c00000,184,136,88,38,4.112720489501953,3.039836883544922,1.9669532775878906,0.8493661880493164
687,2748000,2.748,0,4,0,c00000,62,12,-37,-86,1.385807991027832,0.2682209014892578,-0.8270144462585449,-1.9222497940063477
688,2752000,2.752,0,4,0,c00000,-62,-111,-159,-206,-1.385807991027832,-2.4810433387756348,-3.553926944732666,-4.604458808898926
689,2756000,2.756,0,4,0,c00000,-184,-229,-272,-313,-4.112720489501953,-5.11854887008667,-6.079673767089844,-6.996095180511475
690,2760000,2.76,0,4,0,c00000,-293,-332,-368,-400,-6.549060344696045,-7.420778274536133,-8.225440979003906,-8.940696716308594
691,2764000,2.764,0,4,0,c00000,-385,-415,-440,-462,-8.605420589447021,-9.275972843170166,-9.834766387939453,-10.326504707336426
692,2768000,2.768,0,4,0,c00000,-452,-471,-485,-495,-10.102987289428711,-10.52767038345337,-10.84059476852417,-11.064112186431885
693,2772000,2.772,0,4,0,c00000,-491,-498,-499,-496,-10.974705219268799,-11.1311674118042,-11.15351915359497,-11.086463928222656
694,2776000,2.776,0,4,0,c00000,-499,-493,-482,-467,-11.15351915359497,-11.019408702850342,-10.773539543151855,-10.438263416290283
695,2780000,2.78,0,4,0,c00000,-475,-457,-435,-408,-10.617077350616455,-10.214745998382568,-9.723007678985596,-9.119510650634766
696,2784000,2.784,0,4,0,c00000,-422,-393,-360,-324,-9.432435035705566,-8.784234523773193,-8.046627044677734,-7.241964340209961
697,2788000,2.788,0,4,0,c00000,-342,-304,-263,-219,-7.644295692443848,-6.794929504394531,-5.8785080909729,-4.895031452178955
698,2792000,2.792,0,4,0,c00000,-240,-195,-149,-100,-5.364418029785156,-4.3585896492004395,-3.330409526824951,-2.2351741790771484
699,2796000,2.796,0,4,0,c00000,-124,-75,-25,24,-2.771615982055664,-1.6763806343078613,-0.5587935447692871,0.5364418029785156
700,2800000,2.8,0,4,0,c00000,0,49,99,147,0.0,1.0952353477478027,2.212822437286377,3.285706043243408
701,2804000,2.804,0,4,0,c00000,124,172,218,261,2.771615982055664,3.8444995880126953,4.872679710388184,5.833804607391357
702,2808000,2.808,0,4,0,c00000,240,283,323,359,5.364418029785156,6.32554292678833,7.2196125984191895,8.024275302886963
703,2812000,2.812,0,4,0,c00000,342,376,407,434,7.644295692443848,8.404254913330078,9.097158908843994,9.700655937194824
704,2816000,2.816,0,4,0,c00000,422,446,466,482,9.432435035705566,9.968876838684082,10.415911674499512,10.773539543151855
705,2820000,2.82,0,4,0,c00000,475,488,496,499,10.617077350616455,10.907649993896484,11.086463928222656,11.15351915359497
706,2824000,2.824,0,4,0,c00000,499,499,495,486,11.15351915359497,11.15351915359497,11.064112186431885,10.862946510314941
707,2828000,2.828,0,4,0,c00000,491,479,462,441,10.974705219268799,10.706484317779541,10.326504707336426,9.857118129730225
708,2832000,2.832,0,4,0,c00000,452,428,401,369,10.102987289428711,9.566545486450195,8.963048458099365,8.247792720794678
709,2836000,2.836,0,4,0,c00000,385,351,314,273,8.605420589447021,7.845461368560791,7.018446922302246,6.102025508880615
710,2840000,2.84,0,4,0,c00000,293,252,207,161,6.549060344696045,5.632638931274414,4.626810550689697,3.598630428314209
711,2844000,2.844,0,4,0,c00000,184,136,88,38,4.112720489501953,3.039836883544922,1.9669532775878906,0.8493661880493164
712,2848000,2.848,0,4,0,c00000,62,12,-37,-86,1.385807991027832,0.2682209014892578,-0.8270144462585449,-1.9222497940063477
713,2852000,2.852,0,4,0,c00000,-62,-111,-159,-206,-1.385807991027832,-2.4810433387756348,-3.553926944732666,-4.604458808898926
714,2856000,2.856,0,4,0,c00000,-184,-229,-272,-313,-4.112720489501953,-5.11854887008667,-6.079673767089844,-6.996095180511475
715,2860000,2.86,0,4,0,c00000,-293,-332,-368,-400,-6.549060344696045,-7.420778274536133,-8.225440979003906,-8.940696716308594
716,2864000,2.864,0,4,0,c00000,-385,-415,-440,-462,-8.605420589447021,-9.275972843170166,-9.834766387939453,-10.326504707336426
717,2868000,2.868,0,4,0,c00000,-452,-471,-485,-495,-10.102987289428711,-10.52767038345337,-10.84059476852417,-11.064112186431885
718,2872000,2.872,0,4,0,c00000,-491,-498,-499,-496,-10.974705219268799,-11.1311674118042,-11.15351915359497,-11.086463928222656
719,2876000,2.876,0,4,0,c00000,-499,-493,-482,-467,-11.15351915359497,-11.019408702850342,-10.773539543151855,-10.438263416290283
720,2880000,2.88,0,4,0,c00000,-475,-457,-435,-408,-10.617077350616455,-10.214745998382568,-9.723007678985596,-9.119510650634766
721,2884000,2.884,0,4,0,c00000,-422,-393,-360,-324,-9.432435035705566,-8.784234523773193,-8.046627044677734,-7.241964340209961
722,2888000,2.888,0,4,0,c00000,-342,-304,-263,-219,-7.644295692443848,-6.794929504394531,-5.8785080909729,-4.895031452178955
723,2892000,2.892,0,4,0,c00000,-240,-195,-149,-100,-5.364418029785156,-4.3585896492004395,-3.330409526824951,-2.2351741790771484
724,2896000,2.896,0,4,0,c00000,-124,-75,-25,24,-2.771615982055664,-1.6763806343078613,-0.5587935447692871,0.5364418029785156
725,2900000,2.9,0,4,0,c00000,0,49,99,147,0.0,1.0952353477478027,2.212822437286377,3.285706043243408
726,2904000,2.904,0,4,0,c00000,124,172,218,261,2.771615982055664,3.8444995880126953,4.872679710388184,5.833804607391357
727,2908000,2.908,0,4,0,c00000,240,283,323,359,5.364418029785156,6.32554292678833,7.2196125984191895,8.024275302886963
728,2912000,2.912,0,4,0,c00000,342,376,407,434,7.644295692443848,8.404254913330078,9.097158908843994,9.700655937194824
729,2916000,2.916,0,4,0,c00000,422,446,466,482,9.432435035705566,9.968876838684082,10.415911674499512,10.773539543151855
730,2920000,2.92,0,4,0,c00000,475,488,496,499,10.617077350616455,10.907649993896484,11.086463928222656,11.15351915359497
731,2924000,2.924,0,4,0,c00000,499,499,495,486,11.15351915359497,11.15351915359497,11.064112186431885,10.862946510314941
732,2928000,2.928,0,4,0,c00000,491,479,462,441,10.974705219268799,10.706484317779541,10.326504707336426,9.857118129730225
733,2932000,2.932,0,4,0,c00000,452,428,401,369,10.102987289428711,9.566545486450195,8.963048458099365,8.247792720794678
734,2936000,2.936,0,4,0,c00000,385,351,314,273,8.605420589447021,7.845461368560791,7.018446922302246,6.102025508880615
735,2940000,2.94,0,4,0,c00000,293,252,207,161,6.549060344696045,5.632638931274414,4.626810550689697,3.598630428314209
736,2944000,2.944,0,4,0,c00000,184,136,88,38,4.112720489501953,3.039836883544922,1.9669532775878906,0.8493661880493164
737,2948000,2.948,0,4,0,c00000,62,12,-37,-86,1.385807991027832,0.2682209014892578,-0.8270144462585449,-1.9222497940063477
738,2952000,2.952,0,4,0,c00000,-62,-111,-159,-206,-1.385807991027832,-2.4810433387756348,-3.553926944732666,-4.604458808898926
739,2956000,2.956,0,4,0,c00000,-184,-229,-272,-313,-4.112720489501953,-5.11854887008667,-6.079673767089844,-6.996095180511475
740,2960000,2.96,0,4,0,c00000,-293,-332,-368,-400,-6.549060344696045,-7.420778274536133,-8.225440979003906,-8.940696716308594
741,2964000,2.964,0,4,0,c00000,-385,-415,-440,-462,-8.605420589447021,-9.275972843170166,-9.834766387939453,-10.326504707336426
742,2968000,2.968,0,4,0,c00000,-452,-471,-485,-495,-10.102987289428711,-10.52767038345337,-10.84059476852417,-11.064112186431885
743,2972000,2.972,0,4,0,c00000,-491,-498,-499,-496,-10.974705219268799,-11.1311674118042,-11.15351915359497,-11.086463928222656
744,2976000,2.976,0,4,0,c00000,-499,-493,-482,-467,-11.15351915359497,-11.019408702850342,-10.773539543151855,-10.438263416290283
745,2980000,2.98,0,4,0,c00000,-475,-457,-435,-408,-10.617077350616455,-10.214745998382568,-9.723007678985596,-9.119510650634766
746,2984000,2.984,0,4,0,c00000,-422,-393,-360,-324,-9.432435035705566,-8.784234523773193,-8.046627044677734,-7.241964340209961
747,2988000,2.988,0,4,0,c00000,-342,-304,-263,-219,-7.644295692443848,-6.794929504394531,-5.8785080909729,-4.895031452178955
748,2992000,2.992,0,4,0,c00000,-240,-195,-149,-100,-5.364418029785156,-4.3585896492004395,-3.330409526824951,-2.2351741790771484
749,2996000,2.996,0,4,0,c00000,-124,-75,-25,24,-2.771615982055664,-1.6763806343078613,-0.5587935447692871,0.5364418029785156
750,3000000,3.0,0,4,0,c00000,0,49,99,147,0.0,1.0952353477478027,2.212822437286377,3.285706043243408
751,3004000,3.004,0,4,0,c00000,124,172,218,261,2.771615982055664,3.8444995880126953,4.872679710388184,5.833804607391357
752,3008000,3.008,0,4,0,c00000,240,283,323,359,5.364418029785156,6.32554292678833,7.2196125984191895,8.024275302886963
753,3012000,3.012,0,4,0,c00000,342,376,407,434,7.644295692443848,8.404254913330078,9.097158908843994,9.700655937194824
754,3016000,3.016,0,4,0,c00000,422,446,466,482,9.432435035705566,9.968876838684082,10.415911674499512,10.773539543151855
755,3020000,3.02,0,4,0,c00000,475,488,496,499,10.617077350616455,10.907649993896484,11.086463928222656,11.15351915359497
756,3024000,3.024,0,4,0,c00000,499,499,495,486,11.15351915359497,11.15351915359497,11.064112186431885,10.862946510314941
757,3028000,3.028,0,4,0,c00000,491,479,462,441,10.974705219268799,10.706484317779541,10.326504707336426,9.857118129730225
758,3032000,3.032,0,4,0,c00000,452,428,401,369,10.102987289428711,9.566545486450195,8.963048458099365,8.247792720794678
759,3036000,3.036,0,4,0,c00000,385,351,314,273,8.605420589447021,7.845461368560791,7.018446922302246,6.102025508880615
760,3040000,3.04,0,4,0,c00000,293,252,207,161,6.549060344696045,5.632638931274414,4.626810550689697,3.598630428314209
761,3044000,3.044,0,4,0,c00000,184,136,88,38,4.112720489501953,3.039836883544922,1.9669532775878906,0.8493661880493164
762,3048000,3.048,0,4,0,c00000,62,12,-37,-86,1.385807991027832,0.2682209014892578,-0.8270144462585449,-1.9222497940063477
763,3052000,3.052,0,4,0,c00000,-62,-111,-159,-206,-1.385807991027832,-2.4810433387756348,-3.553926944732666,-4.604458808898926
764,3056000,3.056,0,4,0,c00000,-184,-229,-272,-313,-4.112720489501953,-5.11854887008667,-6.079673767089844,-6.996095180511475
765,3060000,3.06,0,4,0,c00000,-293,-332,-368,-400,-6.549060344696045,-7.420778274536133,-8.225440979003906,-8.940696716308594
766,3064000,3.064,0,4,0,c00000,-385,-415,-440,-462,-8.605420589447021,-9.275972843170166,-9.834766387939453,-10.326504707336426
767,3068000,3.068,0,4,0,c00000,-452,-471,-485,-495,-10.102987289428711,-10.52767038345337,-10.84059476852417,-11.064112186431885
768,3072000,3.072,0,4,0,c00000,-491,-498,-499,-496,-10.974705219268799,-11.1311674118042,-11.15351915359497,-11.086463928222656
769,3076000,3.076,0,4,0,c00000,-499,-493,-482,-467,-11.15351915359497,-11.019408702850342,-10.773539543151855,-10.438263416290283
770,3080000,3.08,0,4,0,c00000,-475,-457,-435,-408,-10.617077350616455,-10.214745998382568,-9.723007678985596,-9.119510650634766
771,3084000,3.084,0,4,0,c00000,-422,-393,-360,-324,-9.432435035705566,-8.784234523773193,-8.046627044677734,-7.241964340209961
772,3088000,3.088,0,4,0,c00000,-342,-304,-263,-219,-7.644295692443848,-6.794929504394531,-5.8785080909729,-4.895031452178955
773,3092000,3.092,0,4,0,c00000,-240,-195,-149,-100,-5.364418029785156,-4.3585896492004395,-3.330409526824951,-2.2351741790771484
774,3096000,3.096,0,4,0,c00000,-124,-75,-25,24,-2.771615982055664,-1.6763806343078613,-0.5587935447692871,0.5364418029785156
775,3100000,3.1,0,4,0,c00000,0,49,99,147,0.0,1.0952353477478027,2.212822437286377,3.285706043243408
776,3104000,3.104,0,4,0,c00000,124,172,218,261,2.771615982055664,3.8444995880126953,4.872679710388184,5.833804607391357
777,3108000,3.108,0,4,0,c00000,240,283,323,359,5.364418029785156,6.32554292678833,7.2196125984191895,8.024275302886963
778,3112000,3.112,0,4,0,c00000,342,376,407,434,7.644295692443848,8.404254913330078,9.097158908843994,9.700655937194824
779,3116000,3.116,0,4,0,c00000,422,446,466,482,9.432435035705566,9.968876838684082,10.415911674499512,10.773539543151855
780,3120000,3.12,0,4,0,c00000,475,488,496,499,10.617077350616455,10.907649993896484,11.086463928222656,11.15351915359497
781,3124000,3.124,0,4,0,c00000,499,499,495,486,11.15351915359497,11.15351915359497,11.064112186431885,10.862946510314941
782,3128000,3.128,0,4,0,c00000,491,479,462,441,10.974705219268799,10.706484317779541,10.326504707336426,9.857118129730225
783,3132000,3.132,0,4,0,c00000,452,428,401,369,10.102987289428711,9.566545486450195,8.963048458099365,8.247792720794678
784,3136000,3.136,0,4,0,c00000,385,351,314,273,8.605420589447021,7.845461368560791,7.018446922302246,6.102025508880615
785,3140000,3.14,0,4,0,c00000,293,252,207,161,6.549060344696045,5.632638931274414,4.626810550689697,3.598630428314209
786,3144000,3.144,0,4,0,c00000,184,136,88,38,4.112720489501953,3.039836883544922,1.9669532775878906,0.8493661880493164
787,3148000,3.148,0,4,0,c00000,62,12,-37,-86,1.385807991027832,0.2682209014892578,-0.8270144462585449,-1.9222497940063477
788,3152000,3.152,0,4,0,c00000,-62,-111,-159,-206,-1.385807991027832,-2.4810433387756348,-3.553926944732666,-4.604458808898926
789,3156000,3.156,0,4,0,c00000,-184,-229,-272,-313,-4.112720489501953,-5.11854887008667,-6.079673767089844,-6.996095180511475
790,3160000,3.16,0,4,0,c00000,-293,-332,-368,-400,-6.549060344696045,-7.420778274536133,-8.225440979003906,-8.940696716308594
791,3164000,3.164,0,4,0,c00000,-385,-415,-440,-462,-8.605420589447021,-9.275972843170166,-9.834766387939453,-10.326504707336426
792,3168000,3.168,0,4,0,c00000,-452,-471,-485,-495,-10.102987289428711,-10.52767038345337,-10.84059476852417,-11.064112186431885
793,3172000,3.172,0,4,0,c00000,-491,-498,-499,-496,-10.974705219268799,-11.1311674118042,-11.15351915359497,-11.086463928222656
794,3176000,3.176,0,4,0,c00000,-499,-493,-482,-467,-11.15351915359497,-11.019408702850342,-10.773539543151855,-10.438263416290283
795,3180000,3.18,0,4,0,c00000,-475,-457,-435,-408,-10.617077350616455,-10.214745998382568,-9.723007678985596,-9.119510650634766
796,3184000,3.184,0,4,0,c00000,-422,-393,-360,-324,-9.432435035705566,-8.784234523773193,-8.046627044677734,-7.241964340209961
797,3188000,3.188,0,4,0,c00000,-342,-304,-263,-219,-7.644295692443848,-6.794929504394531,-5.8785080909729,-4.895031452178955
798,3192000,3.192,0,4,0,c00000,-240,-195,-149,-100,-5.364418029785156,-4.3585896492004395,-3.330409526824951,-2.2351741790771484
799,3196000,3.196,0,4,0,c00000,-124,-75,-25,24,-2.771615982055664,-1.6763806343078613,-0.5587935447692871,0.5364418029785156
800,3200000,3.2,0,4,0,c00000,0,49,99,147,0.0,1.0952353477478027,2.212822437286377,3.285706043243408
801,3204000,3.204,0,4,0,c00000,124,172,218,261,2.771615982055664,3.8444995880126953,4.872679710388184,5.833804607391357
802,3208000,3.208,0,4,0,c00000,240,283,323,359,5.364418029785156,6.32554292678833,7.2196125984191895,8.024275302886963
803,3212000,3.212,0,4,0,c00000,342,376,407,434,7.644295692443848,8.404254913330078,9.097158908843994,9.700655937194824
804,3216000,3.216,0,4,0,c00000,422,446,466,482,9.432435035705566,9.968876838684082,10.415911674499512,10.773539543151855
805,3220000,3.22,0,4,0,c00000,475,488,496,499,10.617077350616455,10.907649993896484,11.086463928222656,11.15351915359497
806,3224000,3.224,0,4,0,c00000,499,499,495,486,11.15351915359497,11.15351915359497,11.064112186431885,10.862946510314941
807,3228000,3.228,0,4,0,c00000,491,479,462,441,10.974705219268799,10.706484317779541,10.326504707336426,9.857118129730225
808,3232000,3.232,0,4,0,c00000,452,428,401,369,10.102987289428711,9.566545486450195,8.963048458099365,8.247792720794678
809,3236000,3.236,0,4,0,c00000,385,351,314,273,8.605420589447021,7.845461368560791,7.018446922302246,6.102025508880615
810,3240000,3.24,0,4,0,c00000,293,252,207,161,6.549060344696045,5.632638931274414,4.626810550689697,3.598630428314209
811,3244000,3.244,0,4,0,c00000,184,136,88,38,4.112720489501953,3.039836883544922,1.9669532775878906,0.8493661880493164
812,3248000,3.248,0,4,0,c00000,62,12,-37,-86,1.385807991027832,0.2682209014892578,-0.8270144462585449,-1.9222497940063477
813,3252000,3.252,0,4,0,c00000,-62,-111,-159,-206,-1.385807991027832,-2.4810433387756348,-3.553926944732666,-4.604458808898926
814,3256000,3.256,0,4,0,c00000,-184,-229,-272,-313,-4.112720489501953,-5.11854887008667,-6.079673767089844,-6.996095180511475
815,3260000,3.26,0,4,0,c00000,-293,-332,-368,-400,-6.549060344696045,-7.420778274536133,-8.225440979003906,-8.940696716308594
816,3264000,3.264,0,4,0,c00000,-385,-415,-440,-462,-8.605420589447021,-9.275972843170166,-9.834766387939453,-10.326504707336426
817,3268000,3.268,0,4,0,c00000,-452,-471,-485,-495,-10.102987289428711,-10.52767038345337,-10.84059476852417,-11.064112186431885
818,3272000,3.272,0,4,0,c00000,-491,-498,-499,-496,-10.974705219268799,-11.1311674118042,-11.15351915359497,-11.086463928222656
819,3276000,3.276,0,4,0,c00000,-499,-493,-482,-467,-11.15351915359497,-11.019408702850342,-10.773539543151855,-10.438263416290283
820,3280000,3.28,0,4,0,c00000,-475,-457,-435,-408,-10.617077350616455,-10.214745998382568,-9.723007678985596,-9.119510650634766
821,3284000,3.284,0,4,0,c00000,-422,-393,-360,-324,-9.432435035705566,-8.784234523773193,-8.046627044677734,-7.241964340209961
822,3288000,3.288,0,4,0,c00000,-342,-304,-263,-219,-7.644295692443848,-6.794929504394531,-5.8785080909729,-4.895031452178955
823,3292000,3.292,0,4,0,c00000,-240,-195,-149,-100,-5.364418029785156,-4.3585896492004395,-3.330409526824951,-2.2351741790771484
824,3296000,3.296,0,4,0,c00000,-124,-75,-25,24,-2.771615982055664,-1.6763806343078613,-0.5587935447692871,0.5364418029785156
825,3300000,3.3,0,4,0,c00000,0,49,99,147,0.0,1.0952353477478027,2.212822437286377,3.285706043243408
826,3304000,3.304,0,4,0,c00000,124,172,218,261,2.771615982055664,3.8444995880126953,4.872679710388184,5.833804607391357
827,3308000,3.308,0,4,0,c00000,240,283,323,359,5.364418029785156,6.32554292678833,7.2196125984191895,8.024275302886963
828,3312000,3.312,0,4,0,c00000,342,376,407,434,7.644295692443848,8.404254913330078,9.097158908843994,9.700655937194824
829,3316000,3.316,0,4,0,c00000,422,446,466,482,9.432435035705566,9.968876838684082,10.415911674499512,10.773539543151855
830,3320000,3.32,0,4,0,c00000,475,488,496,499,10.617077350616455,10.907649993896484,11.086463928222656,11.15351915359497
831,3324000,3.324,0,4,0,c00000,499,499,495,486,11.15351915359497,11.15351915359497,11.064112186431885,10.862946510314941
832,3328000,3.328,0,4,0,c00000,491,479,462,441,10.974705219268799,10.706484317779541,10.326504707336426,9.857118129730225
833,3332000,3.332,0,4,0,c00000,452,428,401,369,10.102987289428711,9.566545486450195,8.963048458099365,8.247792720794678
834,3336000,3.336,0,4,0,c00000,385,351,314,273,8.605420589447021,7.845461368560791,7.018446922302246,6.102025508880615
835,3340000,3.34,0,4,0,c00000,293,252,207,161,6.549060344696045,5.632638931274414,4.626810550689697,3.598630428314209
836,3344000,3.344,0,4,0,c00000,184,136,88,38,4.112720489501953,3.039836883544922,1.9669532775878906,0.8493661880493164
837,3348000,3.348,0,4,0,c00000,62,12,-37,-86,1.385807991027832,0.2682209014892578,-0.8270144462585449,-1.9222497940063477
838,3352000,3.352,0,4,0,c00000,-62,-111,-159,-206,-1.385807991027832,-2.4810433387756348,-3.553926944732666,-4.604458808898926
839,3356000,3.356,0,4,0,c00000,-184,-229,-272,-313,-4.112720489501953,-5.11854887008667,-6.079673767089844,-6.996095180511475
840,3360000,3.36,0,4,0,c00000,-293,-332,-368,-400,-6.549060344696045,-7.420778274536133,-8.225440979003906,-8.940696716308594
841,3364000,3.364,0,4,0,c00000,-385,-415,-440,-462,-8.605420589447021,-9.275972843170166,-9.834766387939453,-10.326504707336426
842,3368000,3.368,0,4,0,c00000,-452,-471,-485,-495,-10.102987289428711,-10.52767038345337,-10.84059476852417,-11.064112186431885
843,3372000,3.372,0,4,0,c00000,-491,-498,-499,-496,-10.974705219268799,-11.1311674118042,-11.15351915359497,-11.086463928222656
844,3376000,3.376,0,4,0,c00000,-499,-493,-482,-467,-11.15351915359497,-11.019408702850342,-10.773539543151855,-10.438263416290283
845,3380000,3.38,0,4,0,c00000,-475,-457,-435,-408,-10.617077350616455,-10.214745998382568,-9.723007678985596,-9.119510650634766
846,3384000,3.384,0,4,0,c00000,-422,-393,-360,-324,-9.432435035705566,-8.784234523773193,-8.046627044677734,-7.241964340209961
847,3388000,3.388,0,4,0,c00000,-342,-304,-263,-219,-7.644295692443848,-6.794929504394531,-5.8785080909729,-4.895031452178955
848,3392000,3.392,0,4,0,c00000,-240,-195,-149,-100,-5.364418029785156,-4.3585896492004395,-3.330409526824951,-2.2351741790771484
849,3396000,3.396,0,4,0,c00000,-124,-75,-25,24,-2.771615982055664,-1.6763806343078613,-0.5587935447692871,0.5364418029785156
850,3400000,3.4,0,4,0,c00000,0,49,99,147,0.0,1.0952353477478027,2.212822437286377,3.285706043243408
851,3404000,3.404,0,4,0,c00000,124,172,218,261,2.771615982055664,3.8444995880126953,4.872679710388184,5.833804607391357
852,3408000,3.408,0,4,0,c00000,240,283,323,359,5.364418029785156,6.32554292678833,7.2196125984191895,8.024275302886963
853,3412000,3.412,0,4,0,c00000,342,376,407,434,7.644295692443848,8.404254913330078,9.097158908843994,9.700655937194824
854,3416000,3.416,0,4,0,c00000,422,446,466,482,9.432435035705566,9.968876838684082,10.415911674499512,10.773539543151855
855,3420000,3.42,0,4,0,c00000,475,488,496,499,10.617077350616455,10.907649993896484,11.086463928222656,11.15351915359497
856,3424000,3.424,0,4,0,c00000,499,499,495,486,11.15351915359497,11.15351915359497,11.064112186431885,10.862946510314941
857,3428000,3.428,0,4,0,c00000,491,479,462,441,10.974705219268799,10.706484317779541,10.326504707336426,9.857118129730225
858,3432000,3.432,0,4,0,c00000,452,428,401,369,10.102987289428711,9.566545486450195,8.963048458099365,8.247792720794678
859,3436000,3.436,0,4,0,c00000,385,351,314,273,8.605420589447021,7.845461368560791,7.018446922302246,6.102025508880615
860,3440000,3.44,0,4,0,c00000,293,252,207,161,6.549060344696045,5.632638931274414,4.626810550689697,3.598630428314209
861,3444000,3.444,0,4,0,c00000,184,136,88,38,4.112720489501953,3.039836883544922,1.9669532775878906,0.8493661880493164
862,3448000,3.448,0,4,0,c00000,62,12,-37,-86,1.385807991027832,0.2682209014892578,-0.8270144462585449,-1.9222497940063477
863,3452000,3.452,0,4,0,c00000,-62,-111,-159,-206,-1.385807991027832,-2.4810433387756348,-3.553926944732666,-4.604458808898926
864,3456000,3.456,0,4,0,c00000,-184,-229,-272,-313,-4.112720489501953,-5.11854887008667,-6.079673767089844,-6.996095180511475
865,3460000,3.46,0,4,0,c00000,-293,-332,-368,-400,-6.549060344696045,-7.420778274536133,-8.225440979003906,-8.940696716308594
866,3464000,3.464,0,4,0,c00000,-385,-415,-440,-462,-8.605420589447021,-9.275972843170166,-9.834766387939453,-10.326504707336426
867,3468000,3.468,0,4,0,c00000,-452,-471,-485,-495,-10.102987289428711,-10.52767038345337,-10.84059476852417,-11.064112186431885
868,3472000,3.472,0,4,0,c00000,-491,-498,-499,-496,-10.974705219268799,-11.1311674118042,-11.15351915359497,-11.086463928222656
869,3476000,3.476,0,4,0,c00000,-499,-493,-482,-467,-11.15351915359497,-11.019408702850342,-10.773539543151855,-10.438263416290283
870,3480000,3.48,0,4,0,c00000,-475,-457,-435,-408,-10.617077350616455,-10.214745998382568,-9.723007678985596,-9.119510650634766
871,3484000,3.484,0,4,0,c00000,-422,-393,-360,-324,-9.432435035705566,-8.784234523773193,-8.046627044677734,-7.241964340209961
872,3488000,3.488,0,4,0,c00000,-342,-304,-263,-219,-7.644295692443848,-6.794929504394531,-5.8785080909729,-4.895031452178955
873,3492000,3.492,0,4,0,c00000,-240,-195,-149,-100,-5.364418029785156,-4.3585896492004395,-3.330409526824951,-2.2351741790771484
874,3496000,3.496,0,4,0,c00000,-124,-75,-25,24,-2.771615982055664,-1.6763806343078613,-0.5587935447692871,0.5364418029785156
875,3500000,3.5,0,4,0,c00000,0,49,99,147,0.0,1.0952353477478027,2.212822437286377,3.285706043243408
876,3504000,3.504,0,4,0,c00000,124,172,218,261,2.771615982055664,3.8444995880126953,4.872679710388184,5.833804607391357
877,3508000,3.508,0,4,0,c00000,240,283,323,359,5.364418029785156,6.32554292678833,7.2196125984191895,8.024275302886963
878,3512000,3.512,0,4,0,c00000,342,376,407,434,7.644295692443848,8.404254913330078,9.097158908843994,9.700655937194824
879,3516000,3.516,0,4,0,c00000,422,446,466,482,9.432435035705566,9.968876838684082,10.415911674499512,10.773539543151855
880,3520000,3.52,0,4,0,c00000,475,488,496,499,10.617077350616455,10.907649993896484,11.086463928222656,11.15351915359497
881,3524000,3.524,0,4,0,c00000,499,499,495,486,11.15351915359497,11.15351915359497,11.064112186431885,10.862946510314941
882,3528000,3.528,0,4,0,c00000,491,479,462,441,10.974705219268799,10.706484317779541,10.326504707336426,9.857118129730225
883,3532000,3.532,0,4,0,c00000,452,428,401,369,10.102987289428711,9.566545486450195,8.963048458099365,8.247792720794678
884,3536000,3.536,0,4,0,c00000,385,351,314,273,8.605420589447021,7.845461368560791,7.018446922302246,6.102025508880615
885,3540000,3.54,0,4,0,c00000,293,252,207,161,6.549060344696045,5.632638931274414,4.626810550689697,3.598630428314209
886,3544000,3.544,0,4,0,c00000,184,136,88,38,4.112720489501953,3.039836883544922,1.9669532775878906,0.8493661880493164
887,3548000,3.548,0,4,0,c00000,62,12,-37,-86,1.385807991027832,0.2682209014892578,-0.8270144462585449,-1.9222497940063477
888,3552000,3.552,0,4,0,c00000,-62,-111,-159,-206,-1.385807991027832,-2.4810433387756348,-3.553926944732666,-4.604458808898926
889,3556000,3.556,0,4,0,c00000,-184,-229,-272,-313,-4.112720489501953,-5.11854887008667,-6.079673767089844,-6.996095180511475
890,3560000,3.56,0,4,0,c00000,-293,-332,-368,-400,-6.549060344696045,-7.420778274536133,-8.225440979003906,-8.940696716308594
891,3564000,3.564,0,4,0,c00000,-385,-415,-440,-462,-8.605420589447021,-9.275972843170166,-9.834766387939453,-10.326504707336426
892,3568000,3.568,0,4,0,c00000,-452,-471,-485,-495,-10.102987289428711,-10.52767038345337,-10.84059476852417,-11.064112186431885
893,3572000,3.572,0,4,0,c00000,-491,-498,-499,-496,-10.974705219268799,-11.1311674118042,-11.15351915359497,-11.086463928222656
894,3576000,3.576,0,4,0,c00000,-499,-493,-482,-467,-11.15351915359497,-11.019408702850342,-10.773539543151855,-10.438263416290283
895,3580000,3.58,0,4,0,c00000,-475,-457,-435,-408,-10.617077350616455,-10.214745998382568,-9.723007678985596,-9.119510650634766
896,3584000,3.584,0,4,0,c00000,-422,-393,-360,-324,-9.432435035705566,-8.784234523773193,-8.046627044677734,-7.241964340209961
897,3588000,3.588,0,4,0,c00000,-342,-304,-263,-219,-7.644295692443848,-6.794929504394531,-5.8785080909729,-4.895031452178955
898,3592000,3.592,0,4,0,c00000,-240,-195,-149,-100,-5.364418029785156,-4.3585896492004395,-3.330409526824951,-2.2351741790771484
899,3596000,3.596,0,4,0,c00000,-124,-75,-25,24,-2.771615982055664,-1.6763806343078613,-0.5587935447692871,0.5364418029785156
900,3600000,3.6,0,4,0,c00000,0,49,99,147,0.0,1.0952353477478027,2.212822437286377,3.285706043243408
901,3604000,3.604,0,4,0,c00000,124,172,218,261,2.771615982055664,3.8444995880126953,4.872679710388184,5.833804607391357
902,3608000,3.608,0,4,0,c00000,240,283,323,359,5.364418029785156,6.32554292678833,7.2196125984191895,8.024275302886963
903,3612000,3.612,0,4,0,c00000,342,376,407,434,7.644295692443848,8.404254913330078,9.097158908843994,9.700655937194824
904,3616000,3.616,0,4,0,c00000,422,446,466,482,9.432435035705566,9.968876838684082,10.415911674499512,10.773539543151855
905,3620000,3.62,0,4,0,c00000,475,488,496,499,10.617077350616455,10.907649993896484,11.086463928222656,11.15351915359497
906,3624000,3.624,0,4,0,c00000,499,499,495,486,11.15351915359497,11.15351915359497,11.064112186431885,10.862946510314941
907,3628000,3.628,0,4,0,c00000,491,479,462,441,10.974705219268799,10.706484317779541,10.326504707336426,9.857118129730225
908,3632000,3.632,0,4,0,c00000,452,428,401,369,10.102987289428711,9.566545486450195,8.963048458099365,8.247792720794678
909,3636000,3.636,0,4,0,c00000,385,351,314,273,8.605420589447021,7.845461368560791,7.018446922302246,6.102025508880615
910,3640000,3.64,0,4,0,c00000,293,252,207,161,6.549060344696045,5.632638931274414,4.626810550689697,3.598630428314209
911,3644000,3.644,0,4,0,c00000,184,136,88,38,4.112720489501953,3.039836883544922,1.9669532775878906,0.8493661880493164
912,3648000,3.648,0,4,0,c00000,62,12,-37,-86,1.385807991027832,0.2682209014892578,-0.8270144462585449,-1.9222497940063477
913,3652000,3.652,0,4,0,c00000,-62,-111,-159,-206,-1.385807991027832,-2.4810433387756348,-3.553926944732666,-4.604458808898926
914,3656000,3.656,0,4,0,c00000,-184,-229,-272,-313,-4.112720489501953,-5.11854887008667,-6.079673767089844,-6.996095180511475
915,3660000,3.66,0,4,0,c00000,-293,-332,-368,-400,-6.549060344696045,-7.420778274536133,-8.225440979003906,-8.940696716308594
916,3664000,3.664,0,4,0,c00000,-385,-415,-440,-462,-8.605420589447021,-9.275972843170166,-9.834766387939453,-10.326504707336426
917,3668000,3.668,0,4,0,c00000,-452,-471,-485,-495,-10.102987289428711,-10.52767038345337,-10.84059476852417,-11.064112186431885
918,3672000,3.672,0,4,0,c00000,-491,-498,-499,-496,-10.974705219268799,-11.1311674118042,-11.15351915359497,-11.086463928222656
919,3676000,3.676,0,4,0,c00000,-499,-493,-482,-467,-11.15351915359497,-11.019408702850342,-10.773539543151855,-10.438263416290283
920,3680000,3.68,0,4,0,c00000,-475,-457,-435,-408,-10.617077350616455,-10.214745998382568,-9.723007678985596,-9.119510650634766
921,3684000,3.684,0,4,0,c00000,-422,-393,-360,-324,-9.432435035705566,-8.784234523773193,-8.046627044677734,-7.241964340209961
922,3688000,3.688,0,4,0,c00000,-342,-304,-263,-219,-7.644295692443848,-6.794929504394531,-5.8785080909729,-4.895031452178955
923,3692000,3.692,0,4,0,c00000,-240,-195,-149,-100,-5.364418029785156,-4.3585896492004395,-3.330409526824951,-2.2351741790771484
924,3696000,3.696,0,4,0,c00000,-124,-75,-25,24,-2.771615982055664,-1.6763806343078613,-0.5587935447692871,0.5364418029785156
925,3700000,3.7,0,4,0,c00000,0,49,99,147,0.0,1.0952353477478027,2.212822437286377,3.285706043243408
926,3704000,3.704,0,4,0,c00000,124,172,218,261,2.771615982055664,3.8444995880126953,4.872679710388184,5.833804607391357
927,3708000,3.708,0,4,0,c00000,240,283,323,359,5.364418029785156,6.32554292678833,7.2196125984191895,8.024275302886963
928,3712000,3.712,0,4,0,c00000,342,376,407,434,7.644295692443848,8.404254913330078,9.097158908843994,9.700655937194824
929,3716000,3.716,0,4,0,c00000,422,446,466,482,9.432435035705566,9.968876838684082,10.415911674499512,10.773539543151855
930,3720000,3.72,0,4,0,c00000,475,488,496,499,10.617077350616455,10.907649993896484,11.086463928222656,11.15351915359497
931,3724000,3.724,0,4,0,c00000,499,499,495,486,11.15351915359497,11.15351915359497,11.064112186431885,10.862946510314941
932,3728000,3.728,0,4,0,c00000,491,479,462,441,10.974705219268799,10.706484317779541,10.326504707336426,9.857118129730225
933,3732000,3.732,0,4,0,c00000,452,428,401,369,10.102987289428711,9.566545486450195,8.963048458099365,8.247792720794678
934,3736000,3.736,0,4,0,c00000,385,351,314,273,8.605420589447021,7.845461368560791,7.018446922302246,6.102025508880615
935,3740000,3.74,0,4,0,c00000,293,252,207,161,6.549060344696045,5.632638931274414,4.626810550689697,3.598630428314209
936,3744000,3.744,0,4,0,c00000,184,136,88,38,4.112720489501953,3.039836883544922,1.9669532775878906,0.8493661880493164
937,3748000,3.748,0,4,0,c00000,62,12,-37,-86,1.385807991027832,0.2682209014892578,-0.8270144462585449,-1.9222497940063477
938,3752000,3.752,0,4,0,c00000,-62,-111,-159,-206,-1.385807991027832,-2.4810433387756348,-3.553926944732666,-4.604458808898926
939,3756000,3.756,0,4,0,c00000,-184,-229,-272,-313,-4.112720489501953,-5.11854887008667,-6.079673767089844,-6.996095180511475
940,3760000,3.76,0,4,0,c00000,-293,-332,-368,-400,-6.549060344696045,-7.420778274536133,-8.225440979003906,-8.940696716308594
941,3764000,3.764,0,4,0,c00000,-385,-415,-440,-462,-8.605420589447021,-9.275972843170166,-9.834766387939453,-10.326504707336426
942,3768000,3.768,0,4,0,c00000,-452,-471,-485,-495,-10.102987289428711,-10.52767038345337,-10.84059476852417,-11.064112186431885
943,3772000,3.772,0,4,0,c00000,-491,-498,-499,-496,-10.974705219268799,-11.1311674118042,-11.15351915359497,-11.086463928222656
944,3776000,3.776,0,4,0,c00000,-499,-493,-482,-467,-11.15351915359497,-11.019408702850342,-10.773539543151855,-10.438263416290283
945,3780000,3.78,0,4,0,c00000,-475,-457,-435,-408,-10.617077350616455,-10.214745998382568,-9.723007678985596,-9.119510650634766
946,3784000,3.784,0,4,0,c00000,-422,-393,-360,-324,-9.432435035705566,-8.784234523773193,-8.046627044677734,-7.241964340209961
947,3788000,3.788,0,4,0,c00000,-342,-304,-263,-219,-7.644295692443848,-6.794929504394531,-5.8785080909729,-4.895031452178955
948,3792000,3.792,0,4,0,c00000,-240,-195,-149,-100,-5.364418029785156,-4.3585896492004395,-3.330409526824951,-2.2351741790771484
949,3796000,3.796,0,4,0,c00000,-124,-75,-25,24,-2.771615982055664,-1.6763806343078613,-0.5587935447692871,0.5364418029785156
950,3800000,3.8,0,4,0,c00000,0,49,99,147,0.0,1.0952353477478027,2.212822437286377,3.285706043243408
951,3804000,3.804,0,4,0,c00000,124,172,218,261,2.771615982055664,3.8444995880126953,4.872679710388184,5.833804607391357
952,3808000,3.808,0,4,0,c00000,240,283,323,359,5.364418029785156,6.32554292678833,7.2196125984191895,8.024275302886963
953,3812000,3.812,0,4,0,c00000,342,376,407,434,7.644295692443848,8.404254913330078,9.097158908843994,9.700655937194824
954,3816000,3.816,0,4,0,c00000,422,446,466,482,9.432435035705566,9.968876838684082,10.415911674499512,10.773539543151855
955,3820000,3.82,0,4,0,c00000,475,488,496,499,10.617077350616455,10.907649993896484,11.086463928222656,11.15351915359497
956,3824000,3.824,0,4,0,c00000,499,499,495,486,11.15351915359497,11.15351915359497,11.064112186431885,10.862946510314941
957,3828000,3.828,0,4,0,c00000,491,479,462,441,10.974705219268799,10.706484317779541,10.326504707336426,9.857118129730225
958,3832000,3.832,0,4,0,c00000,452,428,401,369,10.102987289428711,9.566545486450195,8.963048458099365,8.247792720794678
959,3836000,3.836,0,4,0,c00000,385,351,314,273,8.605420589447021,7.845461368560791,7.018446922302246,6.102025508880615
960,3840000,3.84,0,4,0,c00000,293,252,207,161,6.549060344696045,5.632638931274414,4.626810550689697,3.598630428314209
961,3844000,3.844,0,4,0,c00000,184,136,88,38,4.112720489501953,3.039836883544922,1.9669532775878906,0.8493661880493164
962,3848000,3.848,0,4,0,c00000,62,12,-37,-86,1.385807991027832,0.2682209014892578,-0.8270144462585449,-1.9222497940063477
963,3852000,3.852,0,4,0,c00000,-62,-111,-159,-206,-1.385807991027832,-2.4810433387756348,-3.553926944732666,-4.604458808898926
964,3856000,3.856,0,4,0,c00000,-184,-229,-272,-313,-4.112720489501953,-5.11854887008667,-6.079673767089844,-6.996095180511475
965,3860000,3.86,0,4,0,c00000,-293,-332,-368,-400,-6.549060344696045,-7.420778274536133,-8.225440979003906,-8.940696716308594
966,3864000,3.864,0,4,0,c00000,-385,-415,-440,-462,-8.605420589447021,-9.275972843170166,-9.834766387939453,-10.326504707336426
967,3868000,3.868,0,4,0,c00000,-452,-471,-485,-495,-10.102987289428711,-10.52767038345337,-10.84059476852417,-11.064112186431885
968,3872000,3.872,0,4,0,c00000,-491,-498,-499,-496,-10.974705219268799,-11.1311674118042,-11.15351915359497,-11.086463928222656
969,3876000,3.876,0,4,0,c00000,-499,-493,-482,-467,-11.15351915359497,-11.019408702850342,-10.773539543151855,-10.438263416290283
970,3880000,3.88,0,4,0,c00000,-475,-457,-435,-408,-10.617077350616455,-10.214745998382568,-9.723007678985596,-9.119510650634766
971,3884000,3.884,0,4,0,c00000,-422,-393,-360,-324,-9.432435035705566,-8.784234523773193,-8.046627044677734,-7.241964340209961
972,3888000,3.888,0,4,0,c00000,-342,-304,-263,-219,-7.644295692443848,-6.794929504394531,-5.8785080909729,-4.895031452178955
973,3892000,3.892,0,4,0,c00000,-240,-195,-149,-100,-5.364418029785156,-4.3585896492004395,-3.330409526824951,-2.2351741790771484
974,3896000,3.896,0,4,0,c00000,-124,-75,-25,24,-2.771615982055664,-1.6763806343078613,-0.5587935447692871,0.5364418029785156
975,3900000,3.9,0,4,0,c00000,0,49,99,147,0.0,1.0952353477478027,2.212822437286377,3.285706043243408
976,3904000,3.904,0,4,0,c00000,124,172,218,261,2.771615982055664,3.8444995880126953,4.872679710388184,5.833804607391357
977,3908000,3.908,0,4,0,c00000,240,283,323,359,5.364418029785156,6.32554292678833,7.2196125984191895,8.024275302886963
978,3912000,3.912,0,4,0,c00000,342,376,407,434,7.644295692443848,8.404254913330078,9.097158908843994,9.700655937194824
979,3916000,3.916,0,4,0,c00000,422,446,466,482,9.432435035705566,9.968876838684082,10.415911674499512,10.773539543151855
980,3920000,3.92,0,4,0,c00000,475,488,496,499,10.617077350616455,10.907649993896484,11.086463928222656,11.15351915359497
981,3924000,3.924,0,4,0,c00000,499,499,495,486,11.15351915359497,11.15351915359497,11.064112186431885,10.862946510314941
982,3928000,3.928,0,4,0,c00000,491,479,462,441,10.974705219268799,10.706484317779541,10.326504707336426,9.857118129730225
983,3932000,3.932,0,4,0,c00000,452,428,401,369,10.102987289428711,9.566545486450195,8.963048458099365,8.247792720794678
984,3936000,3.936,0,4,0,c00000,385,351,314,273,8.605420589447021,7.845461368560791,7.018446922302246,6.102025508880615
985,3940000,3.94,0,4,0,c00000,293,252,207,161,6.549060344696045,5.632638931274414,4.626810550689697,3.598630428314209
986,3944000,3.944,0,4,0,c00000,184,136,88,38,4.112720489501953,3.039836883544922,1.9669532775878906,0.8493661880493164
987,3948000,3.948,0,4,0,c00000,62,12,-37,-86,1.385807991027832,0.2682209014892578,-0.8270144462585449,-1.9222497940063477
988,3952000,3.952,0,4,0,c00000,-62,-111,-159,-206,-1.385807991027832,-2.4810433387756348,-3.553926944732666,-4.604458808898926
989,3956000,3.956,0,4,0,c00000,-184,-229,-272,-313,-4.112720489501953,-5.11854887008667,-6.079673767089844,-6.996095180511475
990,3960000,3.96,0,4,0,c00000,-293,-332,-368,-400,-6.549060344696045,-7.420778274536133,-8.225440979003906,-8.940696716308594
991,3964000,3.964,0,4,0,c00000,-385,-415,-440,-462,-8.605420589447021,-9.275972843170166,-9.834766387939453,-10.326504707336426
992,3968000,3.968,0,4,0,c00000,-452,-471,-485,-495,-10.102987289428711,-10.52767038345337,-10.84059476852417,-11.064112186431885
993,3972000,3.972,0,4,0,c00000,-491,-498,-499,-496,-10.974705219268799,-11.1311674118042,-11.15351915359497,-11.086463928222656
994,3976000,3.976,0,4,0,c00000,-499,-493,-482,-467,-11.15351915359497,-11.019408702850342,-10.773539543151855,-10.438263416290283
995,3980000,3.98,0,4,0,c00000,-475,-457,-435,-408,-10.617077350616455,-10.214745998382568,-9.723007678985596,-9.119510650634766
996,3984000,3.984,0,4,0,c00000,-422,-393,-360,-324,-9.432435035705566,-8.784234523773193,-8.046627044677734,-7.241964340209961
997,3988000,3.988,0,4,0,c00000,-342,-304,-263,-219,-7.644295692443848,-6.794929504394531,-5.8785080909729,-4.895031452178955
998,3992000,3.992,0,4,0,c00000,-240,-195,-149,-100,-5.364418029785156,-4.3585896492004395,-3.330409526824951,-2.2351741790771484
999,3996000,3.996,0,4,0,c00000,-124,-75,-25,24,-2.771615982055664,-1.6763806343078613,-0.5587935447692871,0.5364418029785156
1001,4004000,4.004,1,4,0,c00000,124,172,218,261,2.771615982055664,3.8444995880126953,4.872679710388184,5.833804607391357
1002,4008000,4.008,0,4,0,c00000,240,283,323,359,5.364418029785156,6.32554292678833,7.2196125984191895,8.024275302886963
1003,4012000,4.012,0,4,0,c00000,342,376,407,434,7.644295692443848,8.404254913330078,9.097158908843994,9.700655937194824
1004,4016000,4.016,0,4,0,c00000,422,446,466,482,9.432435035705566,9.968876838684082,10.415911674499512,10.773539543151855
1005,4020000,4.02,0,4,0,c00000,475,488,496,499,10.617077350616455,10.907649993896484,11.086463928222656,11.15351915359497
1006,4024000,4.024,0,4,0,c00000,499,499,495,486,11.15351915359497,11.15351915359497,11.064112186431885,10.862946510314941
1007,4028000,4.028,0,4,0,c00000,491,479,462,441,10.974705219268799,10.706484317779541,10.326504707336426,9.857118129730225
1008,4032000,4.032,0,4,0,c00000,452,428,401,369,10.102987289428711,9.566545486450195,8.963048458099365,8.247792720794678
1009,4036000,4.036,0,4,0,c00000,385,351,314,273,8.605420589447021,7.845461368560791,7.018446922302246,6.102025508880615
1010,4040000,4.04,0,4,0,c00000,293,252,207,161,6.549060344696045,5.632638931274414,4.626810550689697,3.598630428314209
1011,4044000,4.044,0,4,0,c00000,184,136,88,38,4.112720489501953,3.039836883544922,1.9669532775878906,0.8493661880493164
1012,4048000,4.048,0,4,0,c00000,62,12,-37,-86,1.385807991027832,0.2682209014892578,-0.8270144462585449,-1.9222497940063477
1013,4052000,4.052,0,4,0,c00000,-62,-111,-159,-206,-1.385807991027832,-2.4810433387756348,-3.553926944732666,-4.604458808898926
1014,4056000,4.056,0,4,0,c00000,-184,-229,-272,-313,-4.112720489501953,-5.11854887008667,-6.079673767089844,-6.996095180511475
1015,4060000,4.06,0,4,0,c00000,-293,-332,-368,-400,-6.549060344696045,-7.420778274536133,-8.225440979003906,-8.940696716308594
1016,4064000,4.064,0,4,0,c00000,-385,-415,-440,-462,-8.605420589447021,-9.275972843170166,-9.834766387939453,-10.326504707336426
1017,4068000,4.068,0,4,0,c00000,-452,-471,-485,-495,-10.102987289428711,-10.52767038345337,-10.84059476852417,-11.064112186431885
1018,4072000,4.072,0,4,0,c00000,-491,-498,-499,-496,-10.974705219268799,-11.1311674118042,-11.15351915359497,-11.086463928222656
1019,4076000,4.076,0,4,0,c00000,-499,-493,-482,-467,-11.15351915359497,-11.019408702850342,-10.773539543151855,-10.438263416290283
1020,4080000,4.08,0,4,0,c00000,-475,-457,-435,-408,-10.617077350616455,-10.214745998382568,-9.723007678985596,-9.119510650634766
1021,4084000,4.084,0,4,0,c00000,-422,-393,-360,-324,-9.432435035705566,-8.784234523773193,-8.046627044677734,-7.241964340209961
1022,4088000,4.088,0,4,0,c00000,-342,-304,-263,-219,-7.644295692443848,-6.794929504394531,-5.8785080909729,-4.895031452178955
1023,4092000,4.092,0,4,0,c00000,-240,-195,-149,-100,-5.364418029785156,-4.3585896492004395,-3.330409526824951,-2.2351741790771484
1024,4096000,4.096,0,4,0,c00000,-124,-75,-25,24,-2.771615982055664,-1.6763806343078613,-0.5587935447692871,0.5364418029785156
1025,4100000,4.1,0,4,0,c00000,0,49,99,147,0.0,1.0952353477478027,2.212822437286377,3.285706043243408
1026,4104000,4.104,0,4,0,c00000,124,172,218,261,2.771615982055664,3.8444995880126953,4.872679710388184,5.833804607391357
1027,4108000,4.108,0,4,0,c00000,240,283,323,359,5.364418029785156,6.32554292678833,7.2196125984191895,8.024275302886963
1028,4112000,4.112,0,4,0,c00000,342,376,407,434,7.644295692443848,8.404254913330078,9.097158908843994,9.700655937194824
1029,4116000,4.116,0,4,0,c00000,422,446,466,482,9.432435035705566,9.968876838684082,10.415911674499512,10.773539543151855
1030,4120000,4.12,0,4,0,c00000,475,488,496,499,10.617077350616455,10.907649993896484,11.086463928222656,11.15351915359497
1031,4124000,4.124,0,4,0,c00000,499,499,495,486,11.15351915359497,11.15351915359497,11.064112186431885,10.862946510314941
1032,4128000,4.128,0,4,0,c00000,491,479,462,441,10.974705219268799,10.706484317779541,10.326504707336426,9.857118129730225
1033,4132000,4.132,0,4,0,c00000,452,428,401,369,10.102987289428711,9.566545486450195,8.963048458099365,8.247792720794678
1034,4136000,4.136,0,4,0,c00000,385,351,314,273,8.605420589447021,7.845461368560791,7.018446922302246,6.102025508880615
1035,4140000,4.14,0,4,0,c00000,293,252,207,161,6.549060344696045,5.632638931274414,4.626810550689697,3.598630428314209
1036,4144000,4.144,0,4,0,c00000,184,136,88,38,4.112720489501953,3.039836883544922,1.9669532775878906,0.8493661880493164
1037,4148000,4.148,0,4,0,c00000,62,12,-37,-86,1.385807991027832,0.2682209014892578,-0.8270144462585449,-1.9222497940063477
1038,4152000,4.152,0,4,0,c00000,-62,-111,-159,-206,-1.385807991027832,-2.4810433387756348,-3.553926944732666,-4.604458808898926
1039,4156000,4.156,0,4,0,c00000,-184,-229,-272,-313,-4.112720489501953,-5.11854887008667,-6.079673767089844,-6.996095180511475
1040,4160000,4.16,0,4,0,c00000,-293,-332,-368,-400,-6.549060344696045,-7.420778274536133,-8.225440979003906,-8.940696716308594
1041,4164000,4.164,0,4,0,c00000,-385,-415,-440,-462,-8.605420589447021,-9.275972843170166,-9.834766387939453,-10.326504707336426
1042,4168000,4.168,0,4,0,c00000,-452,-471,-485,-495,-10.102987289428711,-10.52767038345337,-10.84059476852417,-11.064112186431885
1043,4172000,4.172,0,4,0,c00000,-491,-498,-499,-496,-10.974705219268799,-11.1311674118042,-11.15351915359497,-11.086463928222656
1044,4176000,4.176,0,4,0,c00000,-499,-493,-482,-467,-11.15351915359497,-11.019408702850342,-10.773539543151855,-10.438263416290283
1045,4180000,4.18,0,4,0,c00000,-475,-457,-435,-408,-10.617077350616455,-10.214745998382568,-9.723007678985596,-9.119510650634766
1046,4184000,4.184,0,4,0,c00000,-422,-393,-360,-324,-9.432435035705566,-8.784234523773193,-8.046627044677734,-7.241964340209961
1047,4188000,4.188,0,4,0,c00000,-342,-304,-263,-219,-7.644295692443848,-6.794929504394531,-5.8785080909729,-4.895031452178955
1048,4192000,4.192,0,4,0,c00000,-240,-195,-149,-100,-5.364418029785156,-4.3585896492004395,-3.330409526824951,-2.2351741790771484
1049,4196000,4.196,0,4,0,c00000,-124,-75,-25,24,-2.771615982055664,-1.6763806343078613,-0.5587935447692871,0.5364418029785156
1050,4200000,4.2,0,4,0,c00000,0,49,99,147,0.0,1.0952353477478027,2.212822437286377,3.285706043243408
1051,4204000,4.204,0,4,0,c00000,124,172,218,261,2.771615982055664,3.8444995880126953,4.872679710388184,5.833804607391357
1052,4208000,4.208,0,4,0,c00000,240,283,323,359,5.364418029785156,6.32554292678833,7.2196125984191895,8.024275302886963
1053,4212000,4.212,0,4,0,c00000,342,376,407,434,7.644295692443848,8.404254913330078,9.097158908843994,9.700655937194824
1054,4216000,4.216,0,4,0,c00000,422,446,466,482,9.432435035705566,9.968876838684082,10.415911674499512,10.773539543151855
1055,4220000,4.22,0,4,0,c00000,475,488,496,499,10.617077350616455,10.907649993896484,11.086463928222656,11.15351915359497
1056,4224000,4.224,0,4,0,c00000,499,499,495,486,11.15351915359497,11.15351915359497,11.064112186431885,10.862946510314941
1057,4228000,4.228,0,4,0,c00000,491,479,462,441,10.974705219268799,10.706484317779541,10.326504707336426,9.857118129730225
1058,4232000,4.232,0,4,0,c00000,452,428,401,369,10.102987289428711,9.566545486450195,8.963048458099365,8.247792720794678
1059,4236000,4.236,0,4,0,c00000,385,351,314,273,8.605420589447021,7.845461368560791,7.018446922302246,6.102025508880615
1060,4240000,4.24,0,4,0,c00000,293,252,207,161,6.549060344696045,5.632638931274414,4.626810550689697,3.598630428314209
1061,4244000,4.244,0,4,0,c00000,184,136,88,38,4.112720489501953,3.039836883544922,1.9669532775878906,0.8493661880493164
1062,4248000,4.248,0,4,0,c00000,62,12,-37,-86,1.385807991027832,0.2682209014892578,-0.8270144462585449,-1.9222497940063477
1063,4252000,4.252,0,4,0,c00000,-62,-111,-159,-206,-1.385807991027832,-2.4810433387756348,-3.553926944732666,-4.604458808898926
1064,4256000,4.256,0,4,0,c00000,-184,-229,-272,-313,-4.112720489501953,-5.11854887008667,-6.079673767089844,-6.996095180511475
1065,4260000,4.26,0,4,0,c00000,-293,-332,-368,-400,-6.549060344696045,-7.420778274536133,-8.225440979003906,-8.940696716308594
1066,4264000,4.264,0,4,0,c00000,-385,-415,-440,-462,-8.605420589447021,-9.275972843170166,-9.834766387939453,-10.326504707336426
1067,4268000,4.268,0,4,0,c00000,-452,-471,-485,-495,-10.102987289428711,-10.52767038345337,-10.84059476852417,-11.064112186431885
1068,4272000,4.272,0,4,0,c00000,-491,-498,-499,-496,-10.974705219268799,-11.1311674118042,-11.15351915359497,-11.086463928222656
1069,4276000,4.276,0,4,0,c00000,-499,-493,-482,-467,-11.15351915359497,-11.019408702850342,-10.773539543151855,-10.438263416290283
1070,4280000,4.28,0,4,0,c00000,-475,-457,-435,-408,-10.617077350616455,-10.214745998382568,-9.723007678985596,-9.119510650634766
1071,4284000,4.284,0,4,0,c00000,-422,-393,-360,-324,-9.432435035705566,-8.784234523773193,-8.046627044677734,-7.241964340209961
1072,4288000,4.288,0,4,0,c00000,-342,-304,-263,-219,-7.644295692443848,-6.794929504394531,-5.8785080909729,-4.895031452178955
1073,4292000,4.292,0,4,0,c00000,-240,-195,-149,-100,-5.364418029785156,-4.3585896492004395,-3.330409526824951,-2.2351741790771484
1074,4296000,4.296,0,4,0,c00000,-124,-75,-25,24,-2.771615982055664,-1.6763806343078613,-0.5587935447692871,0.5364418029785156
1075,4300000,4.3,0,4,0,c00000,0,49,99,147,0.0,1.0952353477478027,2.212822437286377,3.285706043243408
1076,4304000,4.304,0,4,0,c00000,124,172,218,261,2.771615982055664,3.8444995880126953,4.872679710388184,5.833804607391357
1077,4308000,4.308,0,4,0,c00000,240,283,323,359,5.364418029785156,6.32554292678833,7.2196125984191895,8.024275302886963
1078,4312000,4.312,0,4,0,c00000,342,376,407,434,7.644295692443848,8.404254913330078,9.097158908843994,9.700655937194824
1079,4316000,4.316,0,4,0,c00000,422,446,466,482,9.432435035705566,9.968876838684082,10.415911674499512,10.773539543151855
1080,4320000,4.32,0,4,0,c00000,475,488,496,499,10.617077350616455,10.907649993896484,11.086463928222656,11.15351915359497
1081,4324000,4.324,0,4,0,c00000,499,499,495,486,11.15351915359497,11.15351915359497,11.064112186431885,10.862946510314941
1082,4328000,4.328,0,4,0,c00000,491,479,462,441,10.974705219268799,10.706484317779541,10.326504707336426,9.857118129730225
1083,4332000,4.332,0,4,0,c00000,452,428,401,369,10.102987289428711,9.566545486450195,8.963048458099365,8.247792720794678
1084,4336000,4.336,0,4,0,c00000,385,351,314,273,8.605420589447021,7.845461368560791,7.018446922302246,6.102025508880615
1085,4340000,4.34,0,4,0,c00000,293,252,207,161,6.549060344696045,5.632638931274414,4.626810550689697,3.598630428314209
1086,4344000,4.344,0,4,0,c00000,184,136,88,38,4.112720489501953,3.039836883544922,1.9669532775878906,0.8493661880493164
1087,4348000,4.348,0,4,0,c00000,62,12,-37,-86,1.385807991027832,0.2682209014892578,-0.8270144462585449,-1.9222497940063477
1088,4352000,4.352,0,4,0,c00000,-62,-111,-159,-206,-1.385807991027832,-2.4810433387756348,-3.553926944732666,-4.604458808898926
1089,4356000,4.356,0,4,0,c00000,-184,-229,-272,-313,-4.112720489501953,-5.11854887008667,-6.079673767089844,-6.996095180511475
1090,4360000,4.36,0,4,0,c00000,-293,-332,-368,-400,-6.549060344696045,-7.420778274536133,-8.225440979003906,-8.940696716308594
1091,4364000,4.364,0,4,0,c00000,-385,-415,-440,-462,-8.605420589447021,-9.275972843170166,-9.834766387939453,-10.326504707336426
1092,4368000,4.368,0,4,0,c00000,-452,-471,-485,-495,-10.102987289428711,-10.52767038345337,-10.84059476852417,-11.064112186431885
1093,4372000,4.372,0,4,0,c00000,-491,-498,-499,-496,-10.974705219268799,-11.1311674118042,-11.15351915359497,-11.086463928222656
1094,4376000,4.376,0,4,0,c00000,-499,-493,-482,-467,-11.15351915359497,-11.019408702850342,-10.773539543151855,-10.438263416290283
1095,4380000,4.38,0,4,0,c00000,-475,-457,-435,-408,-10.617077350616455,-10.214745998382568,-9.723007678985596,-9.119510650634766
1096,4384000,4.384,0,4,0,c00000,-422,-393,-360,-324,-9.432435035705566,-8.784234523773193,-8.046627044677734,-7.241964340209961
1097,4388000,4.388,0,4,0,c00000,-342,-304,-263,-219,-7.644295692443848,-6.794929504394531,-5.8785080909729,-4.895031452178955
1098,4392000,4.392,0,4,0,c00000,-240,-195,-149,-100,-5.364418029785156,-4.3585896492004395,-3.330409526824951,-2.2351741790771484
1099,4396000,4.396,0,4,0,c00000,-124,-75,-25,24,-2.771615982055664,-1.6763806343078613,-0.5587935447692871,0.5364418029785156
1100,4400000,4.4,0,4,0,c00000,0,49,99,147,0.0,1.0952353477478027,2.212822437286377,3.285706043243408
1101,4404000,4.404,0,4,0,c00000,124,172,218,261,2.771615982055664,3.8444995880126953,4.872679710388184,5.833804607391357
1102,4408000,4.408,0,4,0,c00000,240,283,323,359,5.364418029785156,6.32554292678833,7.2196125984191895,8.024275302886963
1103,4412000,4.412,0,4,0,c00000,342,376,407,434,7.644295692443848,8.404254913330078,9.097158908843994,9.700655937194824
1104,4416000,4.416,0,4,0,c00000,422,446,466,482,9.432435035705566,9.968876838684082,10.415911674499512,10.773539543151855
1105,4420000,4.42,0,4,0,c00000,475,488,496,499,10.617077350616455,10.907649993896484,11.086463928222656,11.15351915359497
1106,4424000,4.424,0,4,0,c00000,499,499,495,486,11.15351915359497,11.15351915359497,11.064112186431885,10.862946510314941
1107,4428000,4.428,0,4,0,c00000,491,479,462,441,10.974705219268799,10.706484317779541,10.326504707336426,9.857118129730225
1108,4432000,4.432,0,4,0,c00000,452,428,401,369,10.102987289428711,9.566545486450195,8.963048458099365,8.247792720794678
1109,4436000,4.436,0,4,0,c00000,385,351,314,273,8.605420589447021,7.845461368560791,7.018446922302246,6.102025508880615
1110,4440000,4.44,0,4,0,c00000,293,252,207,161,6.549060344696045,5.632638931274414,4.626810550689697,3.598630428314209
1111,4444000,4.444,0,4,0,c00000,184,136,88,38,4.112720489501953,3.039836883544922,1.9669532775878906,0.8493661880493164
1112,4448000,4.448,0,4,0,c00000,62,12,-37,-86,1.385807991027832,0.2682209014892578,-0.8270144462585449,-1.9222497940063477
1113,4452000,4.452,0,4,0,c00000,-62,-111,-159,-206,-1.385807991027832,-2.4810433387756348,-3.553926944732666,-4.604458808898926
1114,4456000,4.456,0,4,0,c00000,-184,-229,-272,-313,-4.112720489501953,-5.11854887008667,-6.079673767089844,-6.996095180511475
1115,4460000,4.46,0,4,0,c00000,-293,-332,-368,-400,-6.549060344696045,-7.420778274536133,-8.225440979003906,-8.940696716308594
1116,4464000,4.464,0,4,0,c00000,-385,-415,-440,-462,-8.605420589447021,-9.275972843170166,-9.834766387939453,-10.326504707336426
1117,4468000,4.468,0,4,0,c00000,-452,-471,-485,-495,-10.102987289428711,-10.52767038345337,-10.84059476852417,-11.064112186431885
1118,4472000,4.472,0,4,0,c00000,-491,-498,-499,-496,-10.974705219268799,-11.1311674118042,-11.15351915359497,-11.086463928222656
1119,4476000,4.476,0,4,0,c00000,-499,-493,-482,-467,-11.15351915359497,-11.019408702850342,-10.773539543151855,-10.438263416290283
1120,4480000,4.48,0,4,0,c00000,-475,-457,-435,-408,-10.617077350616455,-10.214745998382568,-9.723007678985596,-9.119510650634766
1121,4484000,4.484,0,4,0,c00000,-422,-393,-360,-324,-9.432435035705566,-8.784234523773193,-8.046627044677734,-7.241964340209961
1122,4488000,4.488,0,4,0,c00000,-342,-304,-263,-219,-7.644295692443848,-6.794929504394531,-5.8785080909729,-4.895031452178955
1123,4492000,4.492,0,4,0,c00000,-240,-195,-149,-100,-5.364418029785156,-4.3585896492004395,-3.330409526824951,-2.2351741790771484
1124,4496000,4.496,0,4,0,c00000,-124,-75,-25,24,-2.771615982055664,-1.6763806343078613,-0.5587935447692871,0.5364418029785156
1125,4500000,4.5,0,4,0,c00000,0,49,99,147,0.0,1.0952353477478027,2.212822437286377,3.285706043243408
1126,4504000,4.504,0,4,0,c00000,124,172,218,261,2.771615982055664,3.8444995880126953,4.872679710388184,5.833804607391357
1127,4508000,4.508,0,4,0,c00000,240,283,323,359,5.364418029785156,6.32554292678833,7.2196125984191895,8.024275302886963
1128,4512000,4.512,0,4,0,c00000,342,376,407,434,7.644295692443848,8.404254913330078,9.097158908843994,9.700655937194824
1129,4516000,4.516,0,4,0,c00000,422,446,466,482,9.432435035705566,9.968876838684082,10.415911674499512,10.773539543151855
1130,4520000,4.52,0,4,0,c00000,475,488,496,499,10.617077350616455,10.907649993896484,11.086463928222656,11.15351915359497
1131,4524000,4.524,0,4,0,c00000,499,499,495,486,11.15351915359497,11.15351915359497,11.064112186431885,10.862946510314941
1132,4528000,4.528,0,4,0,c00000,491,479,462,441,10.974705219268799,10.706484317779541,10.326504707336426,9.857118129730225
1133,4532000,4.532,0,4,0,c00000,452,428,401,369,10.102987289428711,9.566545486450195,8.963048458099365,8.247792720794678
1134,4536000,4.536,0,4,0,c00000,385,351,314,273,8.605420589447021,7.845461368560791,7.018446922302246,6.102025508880615
1135,4540000,4.54,0,4,0,c00000,293,252,207,161,6.549060344696045,5.632638931274414,4.626810550689697,3.598630428314209
1136,4544000,4.544,0,4,0,c00000,184,136,88,38,4.112720489501953,3.039836883544922,1.9669532775878906,0.8493661880493164
1137,4548000,4.548,0,4,0,c00000,62,12,-37,-86,1.385807991027832,0.2682209014892578,-0.8270144462585449,-1.9222497940063477
1138,4552000,4.552,0,4,0,c00000,-62,-111,-159,-206,-1.385807991027832,-2.4810433387756348,-3.553926944732666,-4.604458808898926
1139,4556000,4.556,0,4,0,c00000,-184,-229,-272,-313,-4.112720489501953,-5.11854887008667,-6.079673767089844,-6.996095180511475
1140,4560000,4.56,0,4,0,c00000,-293,-332,-368,-400,-6.549060344696045,-7.420778274536133,-8.225440979003906,-8.940696716308594
1141,4564000,4.564,0,4,0,c00000,-385,-415,-440,-462,-8.605420589447021,-9.275972843170166,-9.834766387939453,-10.326504707336426
1142,4568000,4.568,0,4,0,c00000,-452,-471,-485,-495,-10.102987289428711,-10.52767038345337,-10.84059476852417,-11.064112186431885
1143,4572000,4.572,0,4,0,c00000,-491,-498,-499,-496,-10.974705219268799,-11.1311674118042,-11.15351915359497,-11.086463928222656
1144,4576000,4.576,0,4,0,c00000,-499,-493,-482,-467,-11.15351915359497,-11.019408702850342,-10.773539543151855,-10.438263416290283
1145,4580000,4.58,0,4,0,c00000,-475,-457,-435,-408,-10.617077350616455,-10.214745998382568,-9.723007678985596,-9.119510650634766
1146,4584000,4.584,0,4,0,c00000,-422,-393,-360,-324,-9.432435035705566,-8.784234523773193,-8.046627044677734,-7.241964340209961
1147,4588000,4.588,0,4,0,c00000,-342,-304,-263,-219,-7.644295692443848,-6.794929504394531,-5.8785080909729,-4.895031452178955
1148,4592000,4.592,0,4,0,c00000,-240,-195,-149,-100,-5.364418029785156,-4.3585896492004395,-3.330409526824951,-2.2351741790771484
1149,4596000,4.596,0,4,0,c00000,-124,-75,-25,24,-2.771615982055664,-1.6763806343078613,-0.5587935447692871,0.5364418029785156
1150,4600000,4.6,0,4,0,c00000,0,49,99,147,0.0,1.0952353477478027,2.212822437286377,3.285706043243408
1151,4604000,4.604,0,4,0,c00000,124,172,218,261,2.771615982055664,3.8444995880126953,4.872679710388184,5.833804607391357
1152,4608000,4.608,0,4,0,c00000,240,283,323,359,5.364418029785156,6.32554292678833,7.2196125984191895,8.024275302886963
1153,4612000,4.612,0,4,0,c00000,342,376,407,434,7.644295692443848,8.404254913330078,9.097158908843994,9.700655937194824
1154,4616000,4.616,0,4,0,c00000,422,446,466,482,9.432435035705566,9.968876838684082,10.415911674499512,10.773539543151855
1155,4620000,4.62,0,4,0,c00000,475,488,496,499,10.617077350616455,10.907649993896484,11.086463928222656,11.15351915359497
1156,4624000,4.624,0,4,0,c00000,499,499,495,486,11.15351915359497,11.15351915359497,11.064112186431885,10.862946510314941
1157,4628000,4.628,0,4,0,c00000,491,479,462,441,10.974705219268799,10.706484317779541,10.326504707336426,9.857118129730225
1158,4632000,4.632,0,4,0,c00000,452,428,401,369,10.102987289428711,9.566545486450195,8.963048458099365,8.247792720794678
1159,4636000,4.636,0,4,0,c00000,385,351,314,273,8.605420589447021,7.845461368560791,7.018446922302246,6.102025508880615
1160,4640000,4.64,0,4,0,c00000,293,252,207,161,6.549060344696045,5.632638931274414,4.626810550689697,3.598630428314209
1161,4644000,4.644,0,4,0,c00000,184,136,88,38,4.112720489501953,3.039836883544922,1.9669532775878906,0.8493661880493164
1162,4648000,4.648,0,4,0,c00000,62,12,-37,-86,1.385807991027832,0.2682209014892578,-0.8270144462585449,-1.9222497940063477
1163,4652000,4.652,0,4,0,c00000,-62,-111,-159,-206,-1.385807991027832,-2.4810433387756348,-3.553926944732666,-4.604458808898926
1164,4656000,4.656,0,4,0,c00000,-184,-229,-272,-313,-4.112720489501953,-5.11854887008667,-6.079673767089844,-6.996095180511475
1165,4660000,4.66,0,4,0,c00000,-293,-332,-368,-400,-6.549060344696045,-7.420778274536133,-8.225440979003906,-8.940696716308594
1166,4664000,4.664,0,4,0,c00000,-385,-415,-440,-462,-8.605420589447021,-9.275972843170166,-9.834766387939453,-10.326504707336426
1167,4668000,4.668,0,4,0,c00000,-452,-471,-485,-495,-10.102987289428711,-10.52767038345337,-10.84059476852417,-11.064112186431885
1168,4672000,4.672,0,4,0,c00000,-491,-498,-499,-496,-10.974705219268799,-11.1311674118042,-11.15351915359497,-11.086463928222656
1169,4676000,4.676,0,4,0,c00000,-499,-493,-482,-467,-11.15351915359497,-11.019408702850342,-10.773539543151855,-10.438263416290283
1170,4680000,4.68,0,4,0,c00000,-475,-457,-435,-408,-10.617077350616455,-10.214745998382568,-9.723007678985596,-9.119510650634766
1171,4684000,4.684,0,4,0,c00000,-422,-393,-360,-324,-9.432435035705566,-8.784234523773193,-8.046627044677734,-7.241964340209961
1172,4688000,4.688,0,4,0,c00000,-342,-304,-263,-219,-7.644295692443848,-6.794929504394531,-5.8785080909729,-4.895031452178955
1173,4692000,4.692,0,4,0,c00000,-240,-195,-149,-100,-5.364418029785156,-4.3585896492004395,-3.330409526824951,-2.2351741790771484
1174,4696000,4.696,0,4,0,c00000,-124,-75,-25,24,-2.771615982055664,-1.6763806343078613,-0.5587935447692871,0.5364418029785156
1175,4700000,4.7,0,4,0,c00000,0,49,99,147,0.0,1.0952353477478027,2.212822437286377,3.285706043243408
1176,4704000,4.704,0,4,0,c00000,124,172,218,261,2.771615982055664,3.8444995880126953,4.872679710388184,5.833804607391357
1177,4708000,4.708,0,4,0,c00000,240,283,323,359,5.364418029785156,6.32554292678833,7.2196125984191895,8.024275302886963
1178,4712000,4.712,0,4,0,c00000,342,376,407,434,7.644295692443848,8.404254913330078,9.097158908843994,9.700655937194824
1179,4716000,4.716,0,4,0,c00000,422,446,466,482,9.432435035705566,9.968876838684082,10.415911674499512,10.773539543151855
1180,4720000,4.72,0,4,0,c00000,475,488,496,499,10.617077350616455,10.907649993896484,11.086463928222656,11.15351915359497
1181,4724000,4.724,0,4,0,c00000,499,499,495,486,11.15351915359497,11.15351915359497,11.064112186431885,10.862946510314941
1182,4728000,4.728,0,4,0,c00000,491,479,462,441,10.974705219268799,10.706484317779541,10.326504707336426,9.857118129730225
1183,4732000,4.732,0,4,0,c00000,452,428,401,369,10.102987289428711,9.566545486450195,8.963048458099365,8.247792720794678
1184,4736000,4.736,0,4,0,c00000,385,351,314,273,8.605420589447021,7.845461368560791,7.018446922302246,6.102025508880615
1185,4740000,4.74,0,4,0,c00000,293,252,207,161,6.549060344696045,5.632638931274414,4.626810550689697,3.598630428314209
1186,4744000,4.744,0,4,0,c00000,184,136,88,38,4.112720489501953,3.039836883544922,1.9669532775878906,0.8493661880493164
1187,4748000,4.748,0,4,0,c00000,62,12,-37,-86,1.385807991027832,0.2682209014892578,-0.8270144462585449,-1.9222497940063477
1188,4752000,4.752,0,4,0,c00000,-62,-111,-159,-206,-1.385807991027832,-2.4810433387756348,-3.553926944732666,-4.604458808898926
1189,4756000,4.756,0,4,0,c00000,-184,-229,-272,-313,-4.112720489501953,-5.11854887008667,-6.079673767089844,-6.996095180511475
1190,4760000,4.76,0,4,0,c00000,-293,-332,-368,-400,-6.549060344696045,-7.420778274536133,-8.225440979003906,-8.940696716308594
1191,4764000,4.764,0,4,0,c00000,-385,-415,-440,-462,-8.605420589447021,-9.275972843170166,-9.834766387939453,-10.326504707336426
1192,4768000,4.768,0,4,0,c00000,-452,-471,-485,-495,-10.102987289428711,-10.52767038345337,-10.84059476852417,-11.064112186431885
1193,4772000,4.772,0,4,0,c00000,-491,-498,-499,-496,-10.974705219268799,-11.1311674118042,-11.15351915359497,-11.086463928222656
1194,4776000,4.776,0,4,0,c00000,-499,-493,-482,-467,-11.15351915359497,-11.019408702850342,-10.773539543151855,-10.438263416290283
1195,4780000,4.78,0,4,0,c00000,-475,-457,-435,-408,-10.617077350616455,-10.214745998382568,-9.723007678985596,-9.119510650634766
1196,4784000,4.784,0,4,0,c00000,-422,-393,-360,-324,-9.432435035705566,-8.784234523773193,-8.046627044677734,-7.241964340209961
1197,4788000,4.788,0,4,0,c00000,-342,-304,-263,-219,-7.644295692443848,-6.794929504394531,-5.8785080909729,-4.895031452178955
1198,4792000,4.792,0,4,0,c00000,-240,-195,-149,-100,-5.364418029785156,-4.3585896492004395,-3.330409526824951,-2.2351741790771484
1199,4796000,4.796,0,4,0,c00000,-124,-75,-25,24,-2.771615982055664,-1.6763806343078613,-0.5587935447692871,0.5364418029785156
1200,4800000,4.8,0,4,0,c00000,0,49,99,147,0.0,1.0952353477478027,2.212822437286377,3.285706043243408
1201,4804000,4.804,0,4,0,c00000,124,172,218,261,2.771615982055664,3.8444995880126953,4.872679710388184,5.833804607391357
1202,4808000,4.808,0,4,0,c00000,240,283,323,359,5.364418029785156,6.32554292678833,7.2196125984191895,8.024275302886963
1203,4812000,4.812,0,4,0,c00000,342,376,407,434,7.644295692443848,8.404254913330078,9.097158908843994,9.700655937194824
1204,4816000,4.816,0,4,0,c00000,422,446,466,482,9.432435035705566,9.968876838684082,10.415911674499512,10.773539543151855
1205,4820000,4.82,0,4,0,c00000,475,488,496,499,10.617077350616455,10.907649993896484,11.086463928222656,11.15351915359497
1206,4824000,4.824,0,4,0,c00000,499,499,495,486,11.15351915359497,11.15351915359497,11.064112186431885,10.862946510314941
1207,4828000,4.828,0,4,0,c00000,491,479,462,441,10.974705219268799,10.706484317779541,10.326504707336426,9.857118129730225
1208,4832000,4.832,0,4,0,c00000,452,428,401,369,10.102987289428711,9.566545486450195,8.963048458099365,8.247792720794678
1209,4836000,4.836,0,4,0,c00000,385,351,314,273,8.605420589447021,7.845461368560791,7.018446922302246,6.102025508880615
1210,4840000,4.84,0,4,0,c00000,293,252,207,161,6.549060344696045,5.632638931274414,4.626810550689697,3.598630428314209
1211,4844000,4.844,0,4,0,c00000,184,136,88,38,4.112720489501953,3.039836883544922,1.9669532775878906,0.8493661880493164
1212,4848000,4.848,0,4,0,c00000,62,12,-37,-86,1.385807991027832,0.2682209014892578,-0.8270144462585449,-1.9222497940063477
1213,4852000,4.852,0,4,0,c00000,-62,-111,-159,-206,-1.385807991027832,-2.4810433387756348,-3.553926944732666,-4.604458808898926
1214,4856000,4.856,0,4,0,c00000,-184,-229,-272,-313,-4.112720489501953,-5.11854887008667,-6.079673767089844,-6.996095180511475
1215,4860000,4.86,0,4,0,c00000,-293,-332,-368,-400,-6.549060344696045,-7.420778274536133,-8.225440979003906,-8.940696716308594
1216,4864000,4.864,0,4,0,c00000,-385,-415,-440,-462,-8.605420589447021,-9.275972843170166,-9.834766387939453,-10.326504707336426
1217,4868000,4.868,0,4,0,c00000,-452,-471,-485,-495,-10.102987289428711,-10.52767038345337,-10.84059476852417,-11.064112186431885
1218,4872000,4.872,0,4,0,c00000,-491,-498,-499,-496,-10.974705219268799,-11.1311674118042,-11.15351915359497,-11.086463928222656
1219,4876000,4.876,0,4,0,c00000,-499,-493,-482,-467,-11.15351915359497,-11.019408702850342,-10.773539543151855,-10.438263416290283
1220,4880000,4.88,0,4,0,c00000,-475,-457,-435,-408,-10.617077350616455,-10.214745998382568,-9.723007678985596,-9.119510650634766
1221,4884000,4.884,0,4,0,c00000,-422,-393,-360,-324,-9.432435035705566,-8.784234523773193,-8.046627044677734,-7.241964340209961
1222,4888000,4.888,0,4,0,c00000,-342,-304,-263,-219,-7.644295692443848,-6.794929504394531,-5.8785080909729,-4.895031452178955
1223,4892000,4.892,0,4,0,c00000,-240,-195,-149,-100,-5.364418029785156,-4.3585896492004395,-3.330409526824951,-2.2351741790771484
1224,4896000,4.896,0,4,0,c00000,-124,-75,-25,24,-2.771615982055664,-1.6763806343078613,-0.5587935447692871,0.5364418029785156
1225,4900000,4.9,0,4,0,c00000,0,49,99,147,0.0,1.0952353477478027,2.212822437286377,3.285706043243408
1226,4904000,4.904,0,4,0,c00000,124,172,218,261,2.771615982055664,3.8444995880126953,4.872679710388184,5.833804607391357
1227,4908000,4.908,0,4,0,c00000,240,283,323,359,5.364418029785156,6.32554292678833,7.2196125984191895,8.024275302886963
1228,4912000,4.912,0,4,0,c00000,342,376,407,434,7.644295692443848,8.404254913330078,9.097158908843994,9.700655937194824
1229,4916000,4.916,0,4,0,c00000,422,446,466,482,9.432435035705566,9.968876838684082,10.415911674499512,10.773539543151855
1230,4920000,4.92,0,4,0,c00000,475,488,496,499,10.617077350616455,10.907649993896484,11.086463928222656,11.15351915359497
1231,4924000,4.924,0,4,0,c00000,499,499,495,486,11.15351915359497,11.15351915359497,11.064112186431885,10.862946510314941
1232,4928000,4.928,0,4,0,c00000,491,479,462,441,10.974705219268799,10.706484317779541,10.326504707336426,9.857118129730225
1233,4932000,4.932,0,4,0,c00000,452,428,401,369,10.102987289428711,9.566545486450195,8.963048458099365,8.247792720794678
1234,4936000,4.936,0,4,0,c00000,385,351,314,273,8.605420589447021,7.845461368560791,7.018446922302246,6.102025508880615
1235,4940000,4.94,0,4,0,c00000,293,252,207,161,6.549060344696045,5.632638931274414,4.626810550689697,3.598630428314209
1236,4944000,4.944,0,4,0,c00000,184,136,88,38,4.112720489501953,3.039836883544922,1.9669532775878906,0.8493661880493164
1237,4948000,4.948,0,4,0,c00000,62,12,-37,-86,1.385807991027832,0.2682209014892578,-0.8270144462585449,-1.9222497940063477
1238,4952000,4.952,0,4,0,c00000,-62,-111,-159,-206,-1.385807991027832,-2.4810433387756348,-3.553926944732666,-4.604458808898926
1239,4956000,4.956,0,4,0,c00000,-184,-229,-272,-313,-4.112720489501953,-5.11854887008667,-6.079673767089844,-6.996095180511475
1240,4960000,4.96,0,4,0,c00000,-293,-332,-368,-400,-6.549060344696045,-7.420778274536133,-8.225440979003906,-8.940696716308594
1241,4964000,4.964,0,4,0,c00000,-385,-415,-440,-462,-8.605420589447021,-9.275972843170166,-9.834766387939453,-10.326504707336426
1242,4968000,4.968,0,4,0,c00000,-452,-471,-485,-495,-10.102987289428711,-10.52767038345337,-10.84059476852417,-11.064112186431885
1243,4972000,4.972,0,4,0,c00000,-491,-498,-499,-496,-10.974705219268799,-11.1311674118042,-11.15351915359497,-11.086463928222656
1244,4976000,4.976,0,4,0,c00000,-499,-493,-482,-467,-11.15351915359497,-11.019408702850342,-10.773539543151855,-10.438263416290283
1245,4980000,4.98,0,4,0,c00000,-475,-457,-435,-408,-10.617077350616455,-10.214745998382568,-9.723007678985596,-9.119510650634766
1246,4984000,4.984,0,4,0,c00000,-422,-393,-360,-324,-9.432435035705566,-8.784234523773193,-8.046627044677734,-7.241964340209961
1247,4988000,4.988,0,4,0,c00000,-342,-304,-263,-219,-7.644295692443848,-6.794929504394531,-5.8785080909729,-4.895031452178955
1248,4992000,4.992,0,4,0,c00000,-240,-195,-149,-100,-5.364418029785156,-4.3585896492004395,-3.330409526824951,-2.2351741790771484
1249,4996000,4.996,0,4,0,c00000,-124,-75,-25,24,-2.771615982055664,-1.6763806343078613,-0.5587935447692871,0.5364418029785156
1250,5000000,5.0,0,4,0,c00000,0,49,99,147,0.0,1.0952353477478027,2.212822437286377,3.285706043243408
1251,5004000,5.004,0,4,0,c00000,124,172,218,261,2.771615982055664,3.8444995880126953,4.872679710388184,5.833804607391357
1252,5008000,5.008,0,4,0,c00000,240,283,323,359,5.364418029785156,6.32554292678833,7.2196125984191895,8.024275302886963
1253,5012000,5.012,0,4,0,c00000,342,376,407,434,7.644295692443848,8.404254913330078,9.097158908843994,9.700655937194824
1254,5016000,5.016,0,4,0,c00000,422,446,466,482,9.432435035705566,9.968876838684082,10.415911674499512,10.773539543151855
1255,5020000,5.02,0,4,0,c00000,475,488,496,499,10.617077350616455,10.907649993896484,11.086463928222656,11.15351915359497
1256,5024000,5.024,0,4,0,c00000,499,499,495,486,11.15351915359497,11.15351915359497,11.064112186431885,10.862946510314941
1257,5028000,5.028,0,4,0,c00000,491,479,462,441,10.974705219268799,10.706484317779541,10.326504707336426,9.857118129730225
1258,5032000,5.032,0,4,0,c00000,452,428,401,369,10.102987289428711,9.566545486450195,8.963048458099365,8.247792720794678
1259,5036000,5.036,0,4,0,c00000,385,351,314,273,8.605420589447021,7.845461368560791,7.018446922302246,6.102025508880615
1260,5040000,5.04,0,4,0,c00000,293,252,207,161,6.549060344696045,5.632638931274414,4.626810550689697,3.598630428314209
1261,5044000,5.044,0,4,0,c00000,184,136,88,38,4.112720489501953,3.039836883544922,1.9669532775878906,0.8493661880493164
1262,5048000,5.048,0,4,0,c00000,62,12,-37,-86,1.385807991027832,0.2682209014892578,-0.8270144462585449,-1.9222497940063477
1263,5052000,5.052,0,4,0,c00000,-62,-111,-159,-206,-1.385807991027832,-2.4810433387756348,-3.553926944732666,-4.604458808898926
1264,5056000,5.056,0,4,0,c00000,-184,-229,-272,-313,-4.112720489501953,-5.11854887008667,-6.079673767089844,-6.996095180511475
1265,5060000,5.06,0,4,0,c00000,-293,-332,-368,-400,-6.549060344696045,-7.420778274536133,-8.225440979003906,-8.940696716308594
1266,5064000,5.064,0,4,0,c00000,-385,-415,-440,-462,-8.605420589447021,-9.275972843170166,-9.834766387939453,-10.326504707336426
1267,5068000,5.068,0,4,0,c00000,-452,-471,-485,-495,-10.102987289428711,-10.52767038345337,-10.84059476852417,-11.064112186431885
1268,5072000,5.072,0,4,0,c00000,-491,-498,-499,-496,-10.974705219268799,-11.1311674118042,-11.15351915359497,-11.086463928222656
1269,5076000,5.076,0,4,0,c00000,-499,-493,-482,-467,-11.15351915359497,-11.019408702850342,-10.773539543151855,-10.438263416290283
1270,5080000,5.08,0,4,0,c00000,-475,-457,-435,-408,-10.617077350616455,-10.214745998382568,-9.723007678985596,-9.119510650634766
1271,5084000,5.084,0,4,0,c00000,-422,-393,-360,-324,-9.432435035705566,-8.784234523773193,-8.046627044677734,-7.241964340209961
1272,5088000,5.088,0,4,0,c00000,-342,-304,-263,-219,-7.644295692443848,-6.794929504394531,-5.8785080909729,-4.895031452178955
1273,5092000,5.092,0,4,0,c00000,-240,-195,-149,-100,-5.364418029785156,-4.3585896492004395,-3.330409526824951,-2.2351741790771484
1274,5096000,5.096,0,4,0,c00000,-124,-75,-25,24,-2.771615982055664,-1.6763806343078613,-0.5587935447692871,0.5364418029785156
1275,5100000,5.1,0,4,0,c00000,0,49,99,147,0.0,1.0952353477478027,2.212822437286377,3.285706043243408
1276,5104000,5.104,0,4,0,c00000,124,172,218,261,2.771615982055664,3.8444995880126953,4.872679710388184,5.833804607391357
1277,5108000,5.108,0,4,0,c00000,240,283,323,359,5.364418029785156,6.32554292678833,7.2196125984191895,8.024275302886963
1278,5112000,5.112,0,4,0,c00000,342,376,407,434,7.644295692443848,8.404254913330078,9.097158908843994,9.700655937194824
1279,5116000,5.116,0,4,0,c00000,422,446,466,482,9.432435035705566,9.968876838684082,10.415911674499512,10.773539543151855
1280,5120000,5.12,0,4,0,c00000,475,488,496,499,10.617077350616455,10.907649993896484,11.086463928222656,11.15351915359497
1281,5124000,5.124,0,4,0,c00000,499,499,495,486,11.15351915359497,11.15351915359497,11.064112186431885,10.862946510314941
1282,5128000,5.128,0,4,0,c00000,491,479,462,441,10.974705219268799,10.706484317779541,10.326504707336426,9.857118129730225
1283,5132000,5.132,0,4,0,c00000,452,428,401,369,10.102987289428711,9.566545486450195,8.963048458099365,8.247792720794678
1284,5136000,5.136,0,4,0,c00000,385,351,314,273,8.605420589447021,7.845461368560791,7.018446922302246,6.102025508880615
1285,5140000,5.14,0,4,0,c00000,293,252,207,161,6.549060344696045,5.632638931274414,4.626810550689697,3.598630428314209
1286,5144000,5.144,0,4,0,c00000,184,136,88,38,4.112720489501953,3.039836883544922,1.9669532775878906,0.8493661880493164
1287,5148000,5.148,0,4,0,c00000,62,12,-37,-86,1.385807991027832,0.2682209014892578,-0.8270144462585449,-1.9222497940063477
1288,5152000,5.152,0,4,0,c00000,-62,-111,-159,-206,-1.385807991027832,-2.4810433387756348,-3.553926944732666,-4.604458808898926
1289,5156000,5.156,0,4,0,c00000,-184,-229,-272,-313,-4.112720489501953,-5.11854887008667,-6.079673767089844,-6.996095180511475
1290,5160000,5.16,0,4,0,c00000,-293,-332,-368,-400,-6.549060344696045,-7.420778274536133,-8.225440979003906,-8.940696716308594
1291,5164000,5.164,0,4,0,c00000,-385,-415,-440,-462,-8.605420589447021,-9.275972843170166,-9.834766387939453,-10.326504707336426
1292,5168000,5.168,0,4,0,c00000,-452,-471,-485,-495,-10.102987289428711,-10.52767038345337,-10.84059476852417,-11.064112186431885
1293,5172000,5.172,0,4,0,c00000,-491,-498,-499,-496,-10.974705219268799,-11.1311674118042,-11.15351915359497,-11.086463928222656
1294,5176000,5.176,0,4,0,c00000,-499,-493,-482,-467,-11.15351915359497,-11.019408702850342,-10.773539543151855,-10.438263416290283
1295,5180000,5.18,0,4,0,c00000,-475,-457,-435,-408,-10.617077350616455,-10.214745998382568,-9.723007678985596,-9.119510650634766
1296,5184000,5.184,0,4,0,c00000,-422,-393,-360,-324,-9.432435035705566,-8.784234523773193,-8.046627044677734,-7.241964340209961
1297,5188000,5.188,0,4,0,c00000,-342,-304,-263,-219,-7.644295692443848,-6.794929504394531,-5.8785080909729,-4.895031452178955
1298,5192000,5.192,0,4,0,c00000,-240,-195,-149,-100,-5.364418029785156,-4.3585896492004395,-3.330409526824951,-2.2351741790771484
1299,5196000,5.196,0,4,0,c00000,-124,-75,-25,24,-2.771615982055664,-1.6763806343078613,-0.5587935447692871,0.5364418029785156
1300,5200000,5.2,0,4,0,c00000,0,49,99,147,0.0,1.0952353477478027,2.212822437286377,3.285706043243408
1301,5204000,5.204,0,4,0,c00000,124,172,218,261,2.771615982055664,3.8444995880126953,4.872679710388184,5.833804607391357
1302,5208000,5.208,0,4,0,c00000,240,283,323,359,5.364418029785156,6.32554292678833,7.2196125984191895,8.024275302886963
1303,5212000,5.212,0,4,0,c00000,342,376,407,434,7.644295692443848,8.404254913330078,9.097158908843994,9.700655937194824
1304,5216000,5.216,0,4,0,c00000,422,446,466,482,9.432435035705566,9.968876838684082,10.415911674499512,10.773539543151855
1305,5220000,5.22,0,4,0,c00000,475,488,496,499,10.617077350616455,10.907649993896484,11.086463928222656,11.15351915359497
1306,5224000,5.224,0,4,0,c00000,499,499,495,486,11.15351915359497,11.15351915359497,11.064112186431885,10.862946510314941
1307,5228000,5.228,0,4,0,c00000,491,479,462,441,10.974705219268799,10.706484317779541,10.326504707336426,9.857118129730225
1308,5232000,5.232,0,4,0,c00000,452,428,401,369,10.102987289428711,9.566545486450195,8.963048458099365,8.247792720794678
1309,5236000,5.236,0,4,0,c00000,385,351,314,273,8.605420589447021,7.845461368560791,7.018446922302246,6.102025508880615
1310,5240000,5.24,0,4,0,c00000,293,252,207,161,6.549060344696045,5.632638931274414,4.626810550689697,3.598630428314209
1311,5244000,5.244,0,4,0,c00000,184,136,88,38,4.112720489501953,3.039836883544922,1.9669532775878906,0.8493661880493164
1312,5248000,5.248,0,4,0,c00000,62,12,-37,-86,1.385807991027832,0.2682209014892578,-0.8270144462585449,-1.9222497940063477
1313,5252000,5.252,0,4,0,c00000,-62,-111,-159,-206,-1.385807991027832,-2.4810433387756348,-3.553926944732666,-4.604458808898926
1314,5256000,5.256,0,4,0,c00000,-184,-229,-272,-313,-4.112720489501953,-5.11854887008667,-6.079673767089844,-6.996095180511475
1315,5260000,5.26,0,4,0,c00000,-293,-332,-368,-400,-6.549060344696045,-7.420778274536133,-8.225440979003906,-8.940696716308594
1316,5264000,5.264,0,4,0,c00000,-385,-415,-440,-462,-8.605420589447021,-9.275972843170166,-9.834766387939453,-10.326504707336426
1317,5268000,5.268,0,4,0,c00000,-452,-471,-485,-495,-10.102987289428711,-10.52767038345337,-10.84059476852417,-11.064112186431885
1318,5272000,5.272,0,4,0,c00000,-491,-498,-499,-496,-10.974705219268799,-11.1311674118042,-11.15351915359497,-11.086463928222656
1319,5276000,5.276,0,4,0,c00000,-499,-493,-482,-467,-11.15351915359497,-11.019408702850342,-10.773539543151855,-10.438263416290283
1320,5280000,5.28,0,4,0,c00000,-475,-457,-435,-408,-10.617077350616455,-10.214745998382568,-9.723007678985596,-9.119510650634766
1321,5284000,5.284,0,4,0,c00000,-422,-393,-360,-324,-9.432435035705566,-8.784234523773193,-8.046627044677734,-7.241964340209961
1322,5288000,5.288,0,4,0,c00000,-342,-304,-263,-219,-7.644295692443848,-6.794929504394531,-5.8785080909729,-4.895031452178955
1323,5292000,5.292,0,4,0,c00000,-240,-195,-149,-100,-5.364418029785156,-4.3585896492004395,-3.330409526824951,-2.2351741790771484
1324,5296000,5.296,0,4,0,c00000,-124,-75,-25,24,-2.771615982055664,-1.6763806343078613,-0.5587935447692871,0.5364418029785156
1325,5300000,5.3,0,4,0,c00000,0,49,99,147,0.0,1.0952353477478027,2.212822437286377,3.285706043243408
1326,5304000,5.304,0,4,0,c00000,124,172,218,261,2.771615982055664,3.8444995880126953,4.872679710388184,5.833804607391357
1327,5308000,5.308,0,4,0,c00000,240,283,323,359,5.364418029785156,6.32554292678833,7.2196125984191895,8.024275302886963
1328,5312000,5.312,0,4,0,c00000,342,376,407,434,7.644295692443848,8.404254913330078,9.097158908843994,9.700655937194824
1329,5316000,5.316,0,4,0,c00000,422,446,466,482,9.432435035705566,9.968876838684082,10.415911674499512,10.773539543151855
1330,5320000,5.32,0,4,0,c00000,475,488,496,499,10.617077350616455,10.907649993896484,11.086463928222656,11.15351915359497
1331,5324000,5.324,0,4,0,c00000,499,499,495,486,11.15351915359497,11.15351915359497,11.064112186431885,10.862946510314941
1332,5328000,5.328,0,4,0,c00000,491,479,462,441,10.974705219268799,10.706484317779541,10.326504707336426,9.857118129730225
1333,5332000,5.332,0,4,0,c00000,452,428,401,369,10.102987289428711,9.566545486450195,8.963048458099365,8.247792720794678
1334,5336000,5.336,0,4,0,c00000,385,351,314,273,8.605420589447021,7.845461368560791,7.018446922302246,6.102025508880615
1335,5340000,5.34,0,4,0,c00000,293,252,207,161,6.549060344696045,5.632638931274414,4.626810550689697,3.598630428314209
1336,5344000,5.344,0,4,0,c00000,184,136,88,38,4.112720489501953,3.039836883544922,1.9669532775878906,0.8493661880493164
1337,5348000,5.348,0,4,0,c00000,62,12,-37,-86,1.385807991027832,0.2682209014892578,-0.8270144462585449,-1.9222497940063477
1338,5352000,5.352,0,4,0,c00000,-62,-111,-159,-206,-1.385807991027832,-2.4810433387756348,-3.553926944732666,-4.604458808898926
1339,5356000,5.356,0,4,0,c00000,-184,-229,-272,-313,-4.112720489501953,-5.11854887008667,-6.079673767089844,-6.996095180511475
1340,5360000,5.36,0,4,0,c00000,-293,-332,-368,-400,-6.549060344696045,-7.420778274536133,-8.225440979003906,-8.940696716308594
1341,5364000,5.364,0,4,0,c00000,-385,-415,-440,-462,-8.605420589447021,-9.275972843170166,-9.834766387939453,-10.326504707336426
1342,5368000,5.368,0,4,0,c00000,-452,-471,-485,-495,-10.102987289428711,-10.52767038345337,-10.84059476852417,-11.064112186431885
1343,5372000,5.372,0,4,0,c00000,-491,-498,-499,-496,-10.974705219268799,-11.1311674118042,-11.15351915359497,-11.086463928222656
1344,5376000,5.376,0,4,0,c00000,-499,-493,-482,-467,-11.15351915359497,-11.019408702850342,-10.773539543151855,-10.438263416290283
1345,5380000,5.38,0,4,0,c00000,-475,-457,-435,-408,-10.617077350616455,-10.214745998382568,-9.723007678985596,-9.119510650634766
1346,5384000,5.384,0,4,0,c00000,-422,-393,-360,-324,-9.432435035705566,-8.784234523773193,-8.046627044677734,-7.241964340209961
1347,5388000,5.388,0,4,0,c00000,-342,-304,-263,-219,-7.644295692443848,-6.794929504394531,-5.8785080909729,-4.895031452178955
1348,5392000,5.392,0,4,0,c00000,-240,-195,-149,-100,-5.364418029785156,-4.3585896492004395,-3.330409526824951,-2.2351741790771484
1349,5396000,5.396,0,4,0,c00000,-124,-75,-25,24,-2.771615982055664,-1.6763806343078613,-0.5587935447692871,0.5364418029785156
1350,5400000,5.4,0,4,0,c00000,0,49,99,147,0.0,1.0952353477478027,2.212822437286377,3.285706043243408
1351,5404000,5.404,0,4,0,c00000,124,172,218,261,2.771615982055664,3.8444995880126953,4.872679710388184,5.833804607391357
1352,5408000,5.408,0,4,0,c00000,240,283,323,359,5.364418029785156,6.32554292678833,7.2196125984191895,8.024275302886963
1353,5412000,5.412,0,4,0,c00000,342,376,407,434,7.644295692443848,8.404254913330078,9.097158908843994,9.700655937194824
1354,5416000,5.416,0,4,0,c00000,422,446,466,482,9.432435035705566,9.968876838684082,10.415911674499512,10.773539543151855
1355,5420000,5.42,0,4,0,c00000,475,488,496,499,10.617077350616455,10.907649993896484,11.086463928222656,11.15351915359497
1356,5424000,5.424,0,4,0,c00000,499,499,495,486,11.15351915359497,11.15351915359497,11.064112186431885,10.862946510314941
1357,5428000,5.428,0,4,0,c00000,491,479,462,441,10.974705219268799,10.706484317779541,10.326504707336426,9.857118129730225
1358,5432000,5.432,0,4,0,c00000,452,428,401,369,10.102987289428711,9.566545486450195,8.963048458099365,8.247792720794678
1359,5436000,5.436,0,4,0,c00000,385,351,314,273,8.605420589447021,7.845461368560791,7.018446922302246,6.102025508880615
1360,5440000,5.44,0,4,0,c00000,293,252,207,161,6.549060344696045,5.632638931274414,4.626810550689697,3.598630428314209
1361,5444000,5.444,0,4,0,c00000,184,136,88,38,4.112720489501953,3.039836883544922,1.9669532775878906,0.8493661880493164
1362,5448000,5.448,0,4,0,c00000,62,12,-37,-86,1.385807991027832,0.2682209014892578,-0.8270144462585449,-1.9222497940063477
1363,5452000,5.452,0,4,0,c00000,-62,-111,-159,-206,-1.385807991027832,-2.4810433387756348,-3.553926944732666,-4.604458808898926
1364,5456000,5.456,0,4,0,c00000,-184,-229,-272,-313,-4.112720489501953,-5.11854887008667,-6.079673767089844,-6.996095180511475
1365,5460000,5.46,0,4,0,c00000,-293,-332,-368,-400,-6.549060344696045,-7.420778274536133,-8.225440979003906,-8.940696716308594
1366,5464000,5.464,0,4,0,c00000,-385,-415,-440,-462,-8.605420589447021,-9.275972843170166,-9.834766387939453,-10.326504707336426
1367,5468000,5.468,0,4,0,c00000,-452,-471,-485,-495,-10.102987289428711,-10.52767038345337,-10.84059476852417,-11.064112186431885
1368,5472000,5.472,0,4,0,c00000,-491,-498,-499,-496,-10.974705219268799,-11.1311674118042,-11.15351915359497,-11.086463928222656
1369,5476000,5.476,0,4,0,c00000,-499,-493,-482,-467,-11.15351915359497,-11.019408702850342,-10.773539543151855,-10.438263416290283
1370,5480000,5.48,0,4,0,c00000,-475,-457,-435,-408,-10.617077350616455,-10.214745998382568,-9.723007678985596,-9.119510650634766
1371,5484000,5.484,0,4,0,c00000,-422,-393,-360,-324,-9.432435035705566,-8.784234523773193,-8.046627044677734,-7.241964340209961
1372,5488000,5.488,0,4,0,c00000,-342,-304,-263,-219,-7.644295692443848,-6.794929504394531,-5.8785080909729,-4.895031452178955
1373,5492000,5.492,0,4,0,c00000,-240,-195,-149,-100,-5.364418029785156,-4.3585896492004395,-3.330409526824951,-2.2351741790771484
1374,5496000,5.496,0,4,0,c00000,-124,-75,-25,24,-2.771615982055664,-1.6763806343078613,-0.5587935447692871,0.5364418029785156
1375,5500000,5.5,0,4,0,c00000,0,49,99,147,0.0,1.0952353477478027,2.212822437286377,3.285706043243408
1376,5504000,5.504,0,4,0,c00000,124,172,218,261,2.771615982055664,3.8444995880126953,4.872679710388184,5.833804607391357
1377,5508000,5.508,0,4,0,c00000,240,283,323,359,5.364418029785156,6.32554292678833,7.2196125984191895,8.024275302886963
1378,5512000,5.512,0,4,0,c00000,342,376,407,434,7.644295692443848,8.404254913330078,9.097158908843994,9.700655937194824
1379,5516000,5.516,0,4,0,c00000,422,446,466,482,9.432435035705566,9.968876838684082,10.415911674499512,10.773539543151855
1380,5520000,5.52,0,4,0,c00000,475,488,496,499,10.617077350616455,10.907649993896484,11.086463928222656,11.15351915359497
1381,5524000,5.524,0,4,0,c00000,499,499,495,486,11.15351915359497,11.15351915359497,11.064112186431885,10.862946510314941
1382,5528000,5.528,0,4,0,c00000,491,479,462,441,10.974705219268799,10.706484317779541,10.326504707336426,9.857118129730225
1383,5532000,5.532,0,4,0,c00000,452,428,401,369,10.102987289428711,9.566545486450195,8.963048458099365,8.247792720794678
1384,5536000,5.536,0,4,0,c00000,385,351,314,273,8.605420589447021,7.845461368560791,7.018446922302246,6.102025508880615
1385,5540000,5.54,0,4,0,c00000,293,252,207,161,6.549060344696045,5.632638931274414,4.626810550689697,3.598630428314209
1386,5544000,5.544,0,4,0,c00000,184,136,88,38,4.112720489501953,3.039836883544922,1.9669532775878906,0.8493661880493164
1387,5548000,5.548,0,4,0,c00000,62,12,-37,-86,1.385807991027832,0.2682209014892578,-0.8270144462585449,-1.9222497940063477
1388,5552000,5.552,0,4,0,c00000,-62,-111,-159,-206,-1.385807991027832,-2.4810433387756348,-3.553926944732666,-4.604458808898926
1389,5556000,5.556,0,4,0,c00000,-184,-229,-272,-313,-4.112720489501953,-5.11854887008667,-6.079673767089844,-6.996095180511475
1390,5560000,5.56,0,4,0,c00000,-293,-332,-368,-400,-6.549060344696045,-7.420778274536133,-8.225440979003906,-8.940696716308594
1391,5564000,5.564,0,4,0,c00000,-385,-415,-440,-462,-8.605420589447021,-9.275972843170166,-9.834766387939453,-10.326504707336426
1392,5568000,5.568,0,4,0,c00000,-452,-471,-485,-495,-10.102987289428711,-10.52767038345337,-10.84059476852417,-11.064112186431885
1393,5572000,5.572,0,4,0,c00000,-491,-498,-499,-496,-10.974705219268799,-11.1311674118042,-11.15351915359497,-11.086463928222656
1394,5576000,5.576,0,4,0,c00000,-499,-493,-482,-467,-11.15351915359497,-11.019408702850342,-10.773539543151855,-10.438263416290283
1395,5580000,5.58,0,4,0,c00000,-475,-457,-435,-408,-10.617077350616455,-10.214745998382568,-9.723007678985596,-9.119510650634766
1396,5584000,5.584,0,4,0,c00000,-422,-393,-360,-324,-9.432435035705566,-8.784234523773193,-8.046627044677734,-7.241964340209961
1397,5588000,5.588,0,4,0,c00000,-342,-304,-263,-219,-7.644295692443848,-6.794929504394531,-5.8785080909729,-4.895031452178955
1398,5592000,5.592,0,4,0,c00000,-240,-195,-149,-100,-5.364418029785156,-4.3585896492004395,-3.330409526824951,-2.2351741790771484
1399,5596000,5.596,0,4,0,c00000,-124,-75,-25,24,-2.771615982055664,-1.6763806343078613,-0.5587935447692871,0.5364418029785156
1400,5600000,5.6,0,4,0,c00000,0,49,99,147,0.0,1.0952353477478027,2.212822437286377,3.285706043243408
1401,5604000,5.604,0,4,0,c00000,124,172,218,261,2.771615982055664,3.8444995880126953,4.872679710388184,5.833804607391357
1402,5608000,5.608,0,4,0,c00000,240,283,323,359,5.364418029785156,6.32554292678833,7.2196125984191895,8.024275302886963
1403,5612000,5.612,0,4,0,c00000,342,376,407,434,7.644295692443848,8.404254913330078,9.097158908843994,9.700655937194824
1404,5616000,5.616,0,4,0,c00000,422,446,466,482,9.432435035705566,9.968876838684082,10.415911674499512,10.773539543151855
1405,5620000,5.62,0,4,0,c00000,475,488,496,499,10.617077350616455,10.907649993896484,11.086463928222656,11.15351915359497
1406,5624000,5.624,0,4,0,c00000,499,499,495,486,11.15351915359497,11.15351915359497,11.064112186431885,10.862946510314941
1407,5628000,5.628,0,4,0,c00000,491,479,462,441,10.974705219268799,10.706484317779541,10.326504707336426,9.857118129730225
1408,5632000,5.632,0,4,0,c00000,452,428,401,369,10.102987289428711,9.566545486450195,8.963048458099365,8.247792720794678
1409,5636000,5.636,0,4,0,c00000,385,351,314,273,8.605420589447021,7.845461368560791,7.018446922302246,6.102025508880615
1410,5640000,5.64,0,4,0,c00000,293,252,207,161,6.549060344696045,5.632638931274414,4.626810550689697,3.598630428314209
1411,5644000,5.644,0,4,0,c00000,184,136,88,38,4.112720489501953,3.039836883544922,1.9669532775878906,0.8493661880493164
1412,5648000,5.648,0,4,0,c00000,62,12,-37,-86,1.385807991027832,0.2682209014892578,-0.8270144462585449,-1.9222497940063477
1413,5652000,5.652,0,4,0,c00000,-62,-111,-159,-206,-1.385807991027832,-2.4810433387756348,-3.553926944732666,-4.604458808898926
1414,5656000,5.656,0,4,0,c00000,-184,-229,-272,-313,-4.112720489501953,-5.11854887008667,-6.079673767089844,-6.996095180511475
1415,5660000,5.66,0,4,0,c00000,-293,-332,-368,-400,-6.549060344696045,-7.420778274536133,-8.225440979003906,-8.940696716308594
1416,5664000,5.664,0,4,0,c00000,-385,-415,-440,-462,-8.605420589447021,-9.275972843170166,-9.834766387939453,-10.326504707336426
1417,5668000,5.668,0,4,0,c00000,-452,-471,-485,-495,-10.102987289428711,-10.52767038345337,-10.84059476852417,-11.064112186431885
1418,5672000,5.672,0,4,0,c00000,-491,-498,-499,-496,-10.974705219268799,-11.1311674118042,-11.15351915359497,-11.086463928222656
1419,5676000,5.676,0,4,0,c00000,-499,-493,-482,-467,-11.15351915359497,-11.019408702850342,-10.773539543151855,-10.438263416290283
1420,5680000,5.68,0,4,0,c00000,-475,-457,-435,-408,-10.617077350616455,-10.214745998382568,-9.723007678985596,-9.119510650634766
1421,5684000,5.684,0,4,0,c00000,-422,-393,-360,-324,-9.432435035705566,-8.784234523773193,-8.046627044677734,-7.241964340209961
1422,5688000,5.688,0,4,0,c00000,-342,-304,-263,-219,-7.644295692443848,-6.794929504394531,-5.8785080909729,-4.895031452178955
1423,5692000,5.692,0,4,0,c00000,-240,-195,-149,-100,-5.364418029785156,-4.3585896492004395,-3.330409526824951,-2.2351741790771484
1424,5696000,5.696,0,4,0,c00000,-124,-75,-25,24,-2.771615982055664,-1.6763806343078613,-0.5587935447692871,0.5364418029785156
1425,5700000,5.7,0,4,0,c00000,0,49,99,147,0.0,1.0952353477478027,2.212822437286377,3.285706043243408
1426,5704000,5.704,0,4,0,c00000,124,172,218,261,2.771615982055664,3.8444995880126953,4.872679710388184,5.833804607391357
1427,5708000,5.708,0,4,0,c00000,240,283,323,359,5.364418029785156,6.32554292678833,7.2196125984191895,8.024275302886963
1428,5712000,5.712,0,4,0,c00000,342,376,407,434,7.644295692443848,8.404254913330078,9.097158908843994,9.700655937194824
1429,5716000,5.716,0,4,0,c00000,422,446,466,482,9.432435035705566,9.968876838684082,10.415911674499512,10.773539543151855
1430,5720000,5.72,0,4,0,c00000,475,488,496,499,10.617077350616455,10.907649993896484,11.086463928222656,11.15351915359497
1431,5724000,5.724,0,4,0,c00000,499,499,495,486,11.15351915359497,11.15351915359497,11.064112186431885,10.862946510314941
1432,5728000,5.728,0,4,0,c00000,491,479,462,441,10.974705219268799,10.706484317779541,10.326504707336426,9.857118129730225
1433,5732000,5.732,0,4,0,c00000,452,428,401,369,10.102987289428711,9.566545486450195,8.963048458099365,8.247792720794678
1434,5736000,5.736,0,4,0,c00000,385,351,314,273,8.605420589447021,7.845461368560791,7.018446922302246,6.102025508880615
1435,5740000,5.74,0,4,0,c00000,293,252,207,161,6.549060344696045,5.632638931274414,4.626810550689697,3.598630428314209
1436,5744000,5.744,0,4,0,c00000,184,136,88,38,4.112720489501953,3.039836883544922,1.9669532775878906,0.8493661880493164
1437,5748000,5.748,0,4,0,c00000,62,12,-37,-86,1.385807991027832,0.2682209014892578,-0.8270144462585449,-1.9222497940063477
1438,5752000,5.752,0,4,0,c00000,-62,-111,-159,-206,-1.385807991027832,-2.4810433387756348,-3.553926944732666,-4.604458808898926
1439,5756000,5.756,0,4,0,c00000,-184,-229,-272,-313,-4.112720489501953,-5.11854887008667,-6.079673767089844,-6.996095180511475
1440,5760000,5.76,0,4,0,c00000,-293,-332,-368,-400,-6.549060344696045,-7.420778274536133,-8.225440979003906,-8.940696716308594
1441,5764000,5.764,0,4,0,c00000,-385,-415,-440,-462,-8.605420589447021,-9.275972843170166,-9.834766387939453,-10.326504707336426
1442,5768000,5.768,0,4,0,c00000,-452,-471,-485,-495,-10.102987289428711,-10.52767038345337,-10.84059476852417,-11.064112186431885
1443,5772000,5.772,0,4,0,c00000,-491,-498,-499,-496,-10.974705219268799,-11.1311674118042,-11.15351915359497,-11.086463928222656
1444,5776000,5.776,0,4,0,c00000,-499,-493,-482,-467,-11.15351915359497,-11.019408702850342,-10.773539543151855,-10.438263416290283
1445,5780000,5.78,0,4,0,c00000,-475,-457,-435,-408,-10.617077350616455,-10.214745998382568,-9.723007678985596,-9.119510650634766
1446,5784000,5.784,0,4,0,c00000,-422,-393,-360,-324,-9.432435035705566,-8.784234523773193,-8.046627044677734,-7.241964340209961
1447,5788000,5.788,0,4,0,c00000,-342,-304,-263,-219,-7.644295692443848,-6.794929504394531,-5.8785080909729,-4.895031452178955
1448,5792000,5.792,0,4,0,c00000,-240,-195,-149,-100,-5.364418029785156,-4.3585896492004395,-3.330409526824951,-2.2351741790771484
1449,5796000,5.796,0,4,0,c00000,-124,-75,-25,24,-2.771615982055664,-1.6763806343078613,-0.5587935447692871,0.5364418029785156
1450,5800000,5.8,0,4,0,c00000,0,49,99,147,0.0,1.0952353477478027,2.212822437286377,3.285706043243408
1451,5804000,5.804,0,4,0,c00000,124,172,218,261,2.771615982055664,3.8444995880126953,4.872679710388184,5.833804607391357
1452,5808000,5.808,0,4,0,c00000,240,283,323,359,5.364418029785156,6.32554292678833,7.2196125984191895,8.024275302886963
1453,5812000,5.812,0,4,0,c00000,342,376,407,434,7.644295692443848,8.404254913330078,9.097158908843994,9.700655937194824
1454,5816000,5.816,0,4,0,c00000,422,446,466,482,9.432435035705566,9.968876838684082,10.415911674499512,10.773539543151855
1455,5820000,5.82,0,4,0,c00000,475,488,496,499,10.617077350616455,10.907649993896484,11.086463928222656,11.15351915359497
1456,5824000,5.824,0,4,0,c00000,499,499,495,486,11.15351915359497,11.15351915359497,11.064112186431885,10.862946510314941
1457,5828000,5.828,0,4,0,c00000,491,479,462,441,10.974705219268799,10.706484317779541,10.326504707336426,9.857118129730225
1458,5832000,5.832,0,4,0,c00000,452,428,401,369,10.102987289428711,9.566545486450195,8.963048458099365,8.247792720794678
1459,5836000,5.836,0,4,0,c00000,385,351,314,273,8.605420589447021,7.845461368560791,7.018446922302246,6.102025508880615
1460,5840000,5.84,0,4,0,c00000,293,252,207,161,6.549060344696045,5.632638931274414,4.626810550689697,3.598630428314209
1461,5844000,5.844,0,4,0,c00000,184,136,88,38,4.112720489501953,3.039836883544922,1.9669532775878906,0.8493661880493164
1462,5848000,5.848,0,4,0,c00000,62,12,-37,-86,1.385807991027832,0.2682209014892578,-0.8270144462585449,-1.9222497940063477
1463,5852000,5.852,0,4,0,c00000,-62,-111,-159,-206,-1.385807991027832,-2.4810433387756348,-3.553926944732666,-4.604458808898926
1464,5856000,5.856,0,4,0,c00000,-184,-229,-272,-313,-4.112720489501953,-5.11854887008667,-6.079673767089844,-6.996095180511475
1465,5860000,5.86,0,4,0,c00000,-293,-332,-368,-400,-6.549060344696045,-7.420778274536133,-8.225440979003906,-8.940696716308594
1466,5864000,5.864,0,4,0,c00000,-385,-415,-440,-462,-8.605420589447021,-9.275972843170166,-9.834766387939453,-10.326504707336426
1467,5868000,5.868,0,4,0,c00000,-452,-471,-485,-495,-10.102987289428711,-10.52767038345337,-10.84059476852417,-11.064112186431885
1468,5872000,5.872,0,4,0,c00000,-491,-498,-499,-496,-10.974705219268799,-11.1311674118042,-11.15351915359497,-11.086463928222656
1469,5876000,5.876,0,4,0,c00000,-499,-493,-482,-467,-11.15351915359497,-11.019408702850342,-10.773539543151855,-10.438263416290283
1470,5880000,5.88,0,4,0,c00000,-475,-457,-435,-408,-10.617077350616455,-10.214745998382568,-9.723007678985596,-9.119510650634766
1471,5884000,5.884,0,4,0,c00000,-422,-393,-360,-324,-9.432435035705566,-8.784234523773193,-8.046627044677734,-7.241964340209961
1472,5888000,5.888,0,4,0,c00000,-342,-304,-263,-219,-7.644295692443848,-6.794929504394531,-5.8785080909729,-4.895031452178955
1473,5892000,5.892,0,4,0,c00000,-240,-195,-149,-100,-5.364418029785156,-4.3585896492004395,-3.330409526824951,-2.2351741790771484
1474,5896000,5.896,0,4,0,c00000,-124,-75,-25,24,-2.771615982055664,-1.6763806343078613,-0.5587935447692871,0.5364418029785156
1475,5900000,5.9,0,4,0,c00000,0,49,99,147,0.0,1.0952353477478027,2.212822437286377,3.285706043243408
1476,5904000,5.904,0,4,0,c00000,124,172,218,261,2.771615982055664,3.8444995880126953,4.872679710388184,5.833804607391357
1477,5908000,5.908,0,4,0,c00000,240,283,323,359,5.364418029785156,6.32554292678833,7.2196125984191895,8.024275302886963
1478,5912000,5.912,0,4,0,c00000,342,376,407,434,7.644295692443848,8.404254913330078,9.097158908843994,9.700655937194824
1479,5916000,5.916,0,4,0,c00000,422,446,466,482,9.432435035705566,9.968876838684082,10.415911674499512,10.773539543151855
1480,5920000,5.92,0,4,0,c00000,475,488,496,499,10.617077350616455,10.907649993896484,11.086463928222656,11.15351915359497
1481,5924000,5.924,0,4,0,c00000,499,499,495,486,11.15351915359497,11.15351915359497,11.064112186431885,10.862946510314941
1482,5928000,5.928,0,4,0,c00000,491,479,462,441,10.974705219268799,10.706484317779541,10.326504707336426,9.857118129730225
1483,5932000,5.932,0,4,0,c00000,452,428,401,369,10.102987289428711,9.566545486450195,8.963048458099365,8.247792720794678
1484,5936000,5.936,0,4,0,c00000,385,351,314,273,8.605420589447021,7.845461368560791,7.018446922302246,6.102025508880615
1485,5940000,5.94,0,4,0,c00000,293,252,207,161,6.549060344696045,5.632638931274414,4.626810550689697,3.598630428314209
1486,5944000,5.944,0,4,0,c00000,184,136,88,38,4.112720489501953,3.039836883544922,1.9669532775878906,0.8493661880493164
1487,5948000,5.948,0,4,0,c00000,62,12,-37,-86,1.385807991027832,0.2682209014892578,-0.8270144462585449,-1.9222497940063477
1488,5952000,5.952,0,4,0,c00000,-62,-111,-159,-206,-1.385807991027832,-2.4810433387756348,-3.553926944732666,-4.604458808898926
1489,5956000,5.956,0,4,0,c00000,-184,-229,-272,-313,-4.112720489501953,-5.11854887008667,-6.079673767089844,-6.996095180511475
1490,5960000,5.96,0,4,0,c00000,-293,-332,-368,-400,-6.549060344696045,-7.420778274536133,-8.225440979003906,-8.940696716308594
1491,5964000,5.964,0,4,0,c00000,-385,-415,-440,-462,-8.605420589447021,-9.275972843170166,-9.834766387939453,-10.326504707336426
1492,5968000,5.968,0,4,0,c00000,-452,-471,-485,-495,-10.102987289428711,-10.52767038345337,-10.84059476852417,-11.064112186431885
1493,5972000,5.972,0,4,0,c00000,-491,-498,-499,-496,-10.974705219268799,-11.1311674118042,-11.15351915359497,-11.086463928222656
1494,5976000,5.976,0,4,0,c00000,-499,-493,-482,-467,-11.15351915359497,-11.019408702850342,-10.773539543151855,-10.438263416290283
1495,5980000,5.98,0,4,0,c00000,-475,-457,-435,-408,-10.617077350616455,-10.214745998382568,-9.723007678985596,-9.119510650634766
1496,5984000,5.984,0,4,0,c00000,-422,-393,-360,-324,-9.432435035705566,-8.784234523773193,-8.046627044677734,-7.241964340209961
1497,5988000,5.988,0,4,0,c00000,-342,-304,-263,-219,-7.644295692443848,-6.794929504394531,-5.8785080909729,-4.895031452178955
1498,5992000,5.992,0,4,0,c00000,-240,-195,-149,-100,-5.364418029785156,-4.3585896492004395,-3.330409526824951,-2.2351741790771484
1499,5996000,5.996,0,4,0,c00000,-124,-75,-25,24,-2.771615982055664,-1.6763806343078613,-0.5587935447692871,0.5364418029785156
1500,6000000,6.0,0,4,0,c00000,0,49,99,147,0.0,1.0952353477478027,2.212822437286377,3.285706043243408
1501,6004000,6.004,0,4,0,c00000,124,172,218,261,2.771615982055664,3.8444995880126953,4.872679710388184,5.833804607391357
1502,6008000,6.008,0,4,0,c00000,240,283,323,359,5.364418029785156,6.32554292678833,7.2196125984191895,8.024275302886963
1503,6012000,6.012,0,4,0,c00000,342,376,407,434,7.644295692443848,8.404254913330078,9.097158908843994,9.700655937194824
1504,6016000,6.016,0,4,0,c00000,422,446,466,482,9.432435035705566,9.968876838684082,10.415911674499512,10.773539543151855
1505,6020000,6.02,0,4,0,c00000,475,488,496,499,10.617077350616455,10.907649993896484,11.086463928222656,11.15351915359497
1506,6024000,6.024,0,4,0,c00000,499,499,495,486,11.15351915359497,11.15351915359497,11.064112186431885,10.862946510314941
1507,6028000,6.028,0,4,0,c00000,491,479,462,441,10.974705219268799,10.706484317779541,10.326504707336426,9.857118129730225
1508,6032000,6.032,0,4,0,c00000,452,428,401,369,10.102987289428711,9.566545486450195,8.963048458099365,8.247792720794678
1509,6036000,6.036,0,4,0,c00000,385,351,314,273,8.605420589447021,7.845461368560791,7.018446922302246,6.102025508880615
1510,6040000,6.04,0,4,0,c00000,293,252,207,161,6.549060344696045,5.632638931274414,4.626810550689697,3.598630428314209
1511,6044000,6.044,0,4,0,c00000,184,136,88,38,4.112720489501953,3.039836883544922,1.9669532775878906,0.8493661880493164
1512,6048000,6.048,0,4,0,c00000,62,12,-37,-86,1.385807991027832,0.2682209014892578,-0.8270144462585449,-1.9222497940063477
1513,6052000,6.052,0,4,0,c00000,-62,-111,-159,-206,-1.385807991027832,-2.4810433387756348,-3.553926944732666,-4.604458808898926
1514,6056000,6.056,0,4,0,c00000,-184,-229,-272,-313,-4.112720489501953,-5.11854887008667,-6.079673767089844,-6.996095180511475
1515,6060000,6.06,0,4,0,c00000,-293,-332,-368,-400,-6.549060344696045,-7.420778274536133,-8.225440979003906,-8.940696716308594
1516,6064000,6.064,0,4,0,c00000,-385,-415,-440,-462,-8.605420589447021,-9.275972843170166,-9.834766387939453,-10.326504707336426
1517,6068000,6.068,0,4,0,c00000,-452,-471,-485,-495,-10.102987289428711,-10.52767038345337,-10.84059476852417,-11.064112186431885
1518,6072000,6.072,0,4,0,c00000,-491,-498,-499,-496,-10.974705219268799,-11.1311674118042,-11.15351915359497,-11.086463928222656
1519,6076000,6.076,0,4,0,c00000,-499,-493,-482,-467,-11.15351915359497,-11.019408702850342,-10.773539543151855,-10.438263416290283
1520,6080000,6.08,0,4,0,c00000,-475,-457,-435,-408,-10.617077350616455,-10.214745998382568,-9.723007678985596,-9.119510650634766
1521,6084000,6.084,0,4,0,c00000,-422,-393,-360,-324,-9.432435035705566,-8.784234523773193,-8.046627044677734,-7.241964340209961
1522,6088000,6.088,0,4,0,c00000,-342,-304,-263,-219,-7.644295692443848,-6.794929504394531,-5.8785080909729,-4.895031452178955
1523,6092000,6.092,0,4,0,c00000,-240,-195,-149,-100,-5.364418029785156,-4.3585896492004395,-3.330409526824951,-2.2351741790771484
1524,6096000,6.096,0,4,0,c00000,-124,-75,-25,24,-2.771615982055664,-1.6763806343078613,-0.5587935447692871,0.5364418029785156
1525,6100000,6.1,0,4,0,c00000,0,49,99,147,0.0,1.0952353477478027,2.212822437286377,3.285706043243408
1526,6104000,6.104,0,4,0,c00000,124,172,218,261,2.771615982055664,3.8444995880126953,4.872679710388184,5.833804607391357
1527,6108000,6.108,0,4,0,c00000,240,283,323,359,5.364418029785156,6.32554292678833,7.2196125984191895,8.024275302886963
1528,6112000,6.112,0,4,0,c00000,342,376,407,434,7.644295692443848,8.404254913330078,9.097158908843994,9.700655937194824
1529,6116000,6.116,0,4,0,c00000,422,446,466,482,9.432435035705566,9.968876838684082,10.415911674499512,10.773539543151855
1530,6120000,6.12,0,4,0,c00000,475,488,496,499,10.617077350616455,10.907649993896484,11.086463928222656,11.15351915359497
1531,6124000,6.124,0,4,0,c00000,499,499,495,486,11.15351915359497,11.15351915359497,11.064112186431885,10.862946510314941
1532,6128000,6.128,0,4,0,c00000,491,479,462,441,10.974705219268799,10.706484317779541,10.326504707336426,9.857118129730225
1533,6132000,6.132,0,4,0,c00000,452,428,401,369,10.102987289428711,9.566545486450195,8.963048458099365,8.247792720794678
1534,6136000,6.136,0,4,0,c00000,385,351,314,273,8.605420589447021,7.845461368560791,7.018446922302246,6.102025508880615
1535,6140000,6.14,0,4,0,c00000,293,252,207,161,6.549060344696045,5.632638931274414,4.626810550689697,3.598630428314209
1536,6144000,6.144,0,4,0,c00000,184,136,88,38,4.112720489501953,3.039836883544922,1.9669532775878906,0.8493661880493164
1537,6148000,6.148,0,4,0,c00000,62,12,-37,-86,1.385807991027832,0.2682209014892578,-0.8270144462585449,-1.9222497940063477
1538,6152000,6.152,0,4,0,c00000,-62,-111,-159,-206,-1.385807991027832,-2.4810433387756348,-3.553926944732666,-4.604458808898926
1539,6156000,6.156,0,4,0,c00000,-184,-229,-272,-313,-4.112720489501953,-5.11854887008667,-6.079673767089844,-6.996095180511475
1540,6160000,6.16,0,4,0,c00000,-293,-332,-368,-400,-6.549060344696045,-7.420778274536133,-8.225440979003906,-8.940696716308594
1541,6164000,6.164,0,4,0,c00000,-385,-415,-440,-462,-8.605420589447021,-9.275972843170166,-9.834766387939453,-10.326504707336426
1542,6168000,6.168,0,4,0,c00000,-452,-471,-485,-495,-10.102987289428711,-10.52767038345337,-10.84059476852417,-11.064112186431885
1543,6172000,6.172,0,4,0,c00000,-491,-498,-499,-496,-10.974705219268799,-11.1311674118042,-11.15351915359497,-11.086463928222656
1544,6176000,6.176,0,4,0,c00000,-499,-493,-482,-467,-11.15351915359497,-11.019408702850342,-10.773539543151855,-10.438263416290283
1545,6180000,6.18,0,4,0,c00000,-475,-457,-435,-408,-10.617077350616455,-10.214745998382568,-9.723007678985596,-9.119510650634766
1546,6184000,6.184,0,4,0,c00000,-422,-393,-360,-324,-9.432435035705566,-8.784234523773193,-8.046627044677734,-7.241964340209961
1547,6188000,6.188,0,4,0,c00000,-342,-304,-263,-219,-7.644295692443848,-6.794929504394531,-5.8785080909729,-4.895031452178955
1548,6192000,6.192,0,4,0,c00000,-240,-195,-149,-100,-5.364418029785156,-4.3585896492004395,-3.330409526824951,-2.2351741790771484
1549,6196000,6.196,0,4,0,c00000,-124,-75,-25,24,-2.771615982055664,-1.6763806343078613,-0.5587935447692871,0.5364418029785156
1550,6200000,6.2,0,4,0,c00000,0,49,99,147,0.0,1.0952353477478027,2.212822437286377,3.285706043243408
1551,6204000,6.204,0,4,0,c00000,124,172,218,261,2.771615982055664,3.8444995880126953,4.872679710388184,5.833804607391357
1552,6208000,6.208,0,4,0,c00000,240,283,323,359,5.364418029785156,6.32554292678833,7.2196125984191895,8.024275302886963
1553,6212000,6.212,0,4,0,c00000,342,376,407,434,7.644295692443848,8.404254913330078,9.097158908843994,9.700655937194824
1554,6216000,6.216,0,4,0,c00000,422,446,466,482,9.432435035705566,9.968876838684082,10.415911674499512,10.773539543151855
1555,6220000,6.22,0,4,0,c00000,475,488,496,499,10.617077350616455,10.907649993896484,11.086463928222656,11.15351915359497
1556,6224000,6.224,0,4,0,c00000,499,499,495,486,11.15351915359497,11.15351915359497,11.064112186431885,10.862946510314941
1557,6228000,6.228,0,4,0,c00000,491,479,462,441,10.974705219268799,10.706484317779541,10.326504707336426,9.857118129730225
1558,6232000,6.232,0,4,0,c00000,452,428,401,369,10.102987289428711,9.566545486450195,8.963048458099365,8.247792720794678
1559,6236000,6.236,0,4,0,c00000,385,351,314,273,8.605420589447021,7.845461368560791,7.018446922302246,6.102025508880615
1560,6240000,6.24,0,4,0,c00000,293,252,207,161,6.549060344696045,5.632638931274414,4.626810550689697,3.598630428314209
1561,6244000,6.244,0,4,0,c00000,184,136,88,38,4.112720489501953,3.039836883544922,1.9669532775878906,0.8493661880493164
1562,6248000,6.248,0,4,0,c00000,62,12,-37,-86,1.385807991027832,0.2682209014892578,-0.8270144462585449,-1.9222497940063477
1563,6252000,6.252,0,4,0,c00000,-62,-111,-159,-206,-1.385807991027832,-2.4810433387756348,-3.553926944732666,-4.604458808898926
1564,6256000,6.256,0,4,0,c00000,-184,-229,-272,-313,-4.112720489501953,-5.11854887008667,-6.079673767089844,-6.996095180511475
1565,6260000,6.26,0,4,0,c00000,-293,-332,-368,-400,-6.549060344696045,-7.420778274536133,-8.225440979003906,-8.940696716308594
1566,6264000,6.264,0,4,0,c00000,-385,-415,-440,-462,-8.605420589447021,-9.275972843170166,-9.834766387939453,-10.326504707336426
1567,6268000,6.268,0,4,0,c00000,-452,-471,-485,-495,-10.102987289428711,-10.52767038345337,-10.84059476852417,-11.064112186431885
1568,6272000,6.272,0,4,0,c00000,-491,-498,-499,-496,-10.974705219268799,-11.1311674118042,-11.15351915359497,-11.086463928222656
1569,6276000,6.276,0,4,0,c00000,-499,-493,-482,-467,-11.15351915359497,-11.019408702850342,-10.773539543151855,-10.438263416290283
1570,6280000,6.28,0,4,0,c00000,-475,-457,-435,-408,-10.617077350616455,-10.214745998382568,-9.723007678985596,-9.119510650634766
1571,6284000,6.284,0,4,0,c00000,-422,-393,-360,-324,-9.432435035705566,-8.784234523773193,-8.046627044677734,-7.241964340209961
1572,6288000,6.288,0,4,0,c00000,-342,-304,-263,-219,-7.644295692443848,-6.794929504394531,-5.8785080909729,-4.895031452178955
1573,6292000,6.292,0,4,0,c00000,-240,-195,-149,-100,-5.364418029785156,-4.3585896492004395,-3.330409526824951,-2.2351741790771484
1574,6296000,6.296,0,4,0,c00000,-124,-75,-25,24,-2.771615982055664,-1.6763806343078613,-0.5587935447692871,0.5364418029785156
1575,6300000,6.3,0,4,0,c00000,0,49,99,147,0.0,1.0952353477478027,2.212822437286377,3.285706043243408
1576,6304000,6.304,0,4,0,c00000,124,172,218,261,2.771615982055664,3.8444995880126953,4.872679710388184,5.833804607391357
1577,6308000,6.308,0,4,0,c00000,240,283,323,359,5.364418029785156,6.32554292678833,7.2196125984191895,8.024275302886963
1578,6312000,6.312,0,4,0,c00000,342,376,407,434,7.644295692443848,8.404254913330078,9.097158908843994,9.700655937194824
1579,6316000,6.316,0,4,0,c00000,422,446,466,482,9.432435035705566,9.968876838684082,10.415911674499512,10.773539543151855
1580,6320000,6.32,0,4,0,c00000,475,488,496,499,10.617077350616455,10.907649993896484,11.086463928222656,11.15351915359497
1581,6324000,6.324,0,4,0,c00000,499,499,495,486,11.15351915359497,11.15351915359497,11.064112186431885,10.862946510314941
1582,6328000,6.328,0,4,0,c00000,491,479,462,441,10.974705219268799,10.706484317779541,10.326504707336426,9.857118129730225
1583,6332000,6.332,0,4,0,c00000,452,428,401,369,10.102987289428711,9.566545486450195,8.963048458099365,8.247792720794678
1584,6336000,6.336,0,4,0,c00000,385,351,314,273,8.605420589447021,7.845461368560791,7.018446922302246,6.102025508880615
1585,6340000,6.34,0,4,0,c00000,293,252,207,161,6.549060344696045,5.632638931274414,4.626810550689697,3.598630428314209
1586,6344000,6.344,0,4,0,c00000,184,136,88,38,4.112720489501953,3.039836883544922,1.9669532775878906,0.8493661880493164
1587,6348000,6.348,0,4,0,c00000,62,12,-37,-86,1.385807991027832,0.2682209014892578,-0.8270144462585449,-1.9222497940063477
1588,6352000,6.352,0,4,0,c00000,-62,-111,-159,-206,-1.385807991027832,-2.4810433387756348,-3.553926944732666,-4.604458808898926
1589,6356000,6.356,0,4,0,c00000,-184,-229,-272,-313,-4.112720489501953,-5.11854887008667,-6.079673767089844,-6.996095180511475
1590,6360000,6.36,0,4,0,c00000,-293,-332,-368,-400,-6.549060344696045,-7.420778274536133,-8.225440979003906,-8.940696716308594
1591,6364000,6.364,0,4,0,c00000,-385,-415,-440,-462,-8.605420589447021,-9.275972843170166,-9.834766387939453,-10.326504707336426
1592,6368000,6.368,0,4,0,c00000,-452,-471,-485,-495,-10.102987289428711,-10.52767038345337,-10.84059476852417,-11.064112186431885
1593,6372000,6.372,0,4,0,c00000,-491,-498,-499,-496,-10.974705219268799,-11.1311674118042,-11.15351915359497,-11.086463928222656
1594,6376000,6.376,0,4,0,c00000,-499,-493,-482,-467,-11.15351915359497,-11.019408702850342,-10.773539543151855,-10.438263416290283
1595,6380000,6.38,0,4,0,c00000,-475,-457,-435,-408,-10.617077350616455,-10.214745998382568,-9.723007678985596,-9.119510650634766
1596,6384000,6.384,0,4,0,c00000,-422,-393,-360,-324,-9.432435035705566,-8.784234523773193,-8.046627044677734,-7.241964340209961
1597,6388000,6.388,0,4,0,c00000,-342,-304,-263,-219,-7.644295692443848,-6.794929504394531,-5.8785080909729,-4.895031452178955
1598,6392000,6.392,0,4,0,c00000,-240,-195,-149,-100,-5.364418029785156,-4.3585896492004395,-3.330409526824951,-2.2351741790771484
1599,6396000,6.396,0,4,0,c00000,-124,-75,-25,24,-2.771615982055664,-1.6763806343078613,-0.5587935447692871,0.5364418029785156
1600,6400000,6.4,0,4,0,c00000,0,49,99,147,0.0,1.0952353477478027,2.212822437286377,3.285706043243408
1601,6404000,6.404,0,4,0,c00000,124,172,218,261,2.771615982055664,3.8444995880126953,4.872679710388184,5.833804607391357
1602,6408000,6.408,0,4,0,c00000,240,283,323,359,5.364418029785156,6.32554292678833,7.2196125984191895,8.024275302886963
1603,6412000,6.412,0,4,0,c00000,342,376,407,434,7.644295692443848,8.404254913330078,9.097158908843994,9.700655937194824
1604,6416000,6.416,0,4,0,c00000,422,446,466,482,9.432435035705566,9.968876838684082,10.415911674499512,10.773539543151855
1605,6420000,6.42,0,4,0,c00000,475,488,496,499,10.617077350616455,10.907649993896484,11.086463928222656,11.15351915359497
1606,6424000,6.424,0,4,0,c00000,499,499,495,486,11.15351915359497,11.15351915359497,11.064112186431885,10.862946510314941
1607,6428000,6.428,0,4,0,c00000,491,479,462,441,10.974705219268799,10.706484317779541,10.326504707336426,9.857118129730225
1608,6432000,6.432,0,4,0,c00000,452,428,401,369,10.102987289428711,9.566545486450195,8.963048458099365,8.247792720794678
1609,6436000,6.436,0,4,0,c00000,385,351,314,273,8.605420589447021,7.845461368560791,7.018446922302246,6.102025508880615
1610,6440000,6.44,0,4,0,c00000,293,252,207,161,6.549060344696045,5.632638931274414,4.626810550689697,3.598630428314209
1611,6444000,6.444,0,4,0,c00000,184,136,88,38,4.112720489501953,3.039836883544922,1.9669532775878906,0.8493661880493164
1612,6448000,6.448,0,4,0,c00000,62,12,-37,-86,1.385807991027832,0.2682209014892578,-0.8270144462585449,-1.9222497940063477
1613,6452000,6.452,0,4,0,c00000,-62,-111,-159,-206,-1.385807991027832,-2.4810433387756348,-3.553926944732666,-4.604458808898926
1614,6456000,6.456,0,4,0,c00000,-184,-229,-272,-313,-4.112720489501953,-5.11854887008667,-6.079673767089844,-6.996095180511475
1615,6460000,6.46,0,4,0,c00000,-293,-332,-368,-400,-6.549060344696045,-7.420778274536133,-8.225440979003906,-8.940696716308594
1616,6464000,6.464,0,4,0,c00000,-385,-415,-440,-462,-8.605420589447021,-9.275972843170166,-9.834766387939453,-10.326504707336426
1617,6468000,6.468,0,4,0,c00000,-452,-471,-485,-495,-10.102987289428711,-10.52767038345337,-10.84059476852417,-11.064112186431885
1618,6472000,6.472,0,4,0,c00000,-491,-498,-499,-496,-10.974705219268799,-11.1311674118042,-11.15351915359497,-11.086463928222656
1619,6476000,6.476,0,4,0,c00000,-499,-493,-482,-467,-11.15351915359497,-11.019408702850342,-10.773539543151855,-10.438263416290283
1620,6480000,6.48,0,4,0,c00000,-475,-457,-435,-408,-10.617077350616455,-10.214745998382568,-9.723007678985596,-9.119510650634766
1621,6484000,6.484,0,4,0,c00000,-422,-393,-360,-324,-9.432435035705566,-8.784234523773193,-8.046627044677734,-7.241964340209961
1622,6488000,6.488,0,4,0,c00000,-342,-304,-263,-219,-7.644295692443848,-6.794929504394531,-5.8785080909729,-4.895031452178955
1623,6492000,6.492,0,4,0,c00000,-240,-195,-149,-100,-5.364418029785156,-4.3585896492004395,-3.330409526824951,-2.2351741790771484
1624,6496000,6.496,0,4,0,c00000,-124,-75,-25,24,-2.771615982055664,-1.6763806343078613,-0.5587935447692871,0.5364418029785156
1625,6500000,6.5,0,4,0,c00000,0,49,99,147,0.0,1.0952353477478027,2.212822437286377,3.285706043243408
1626,6504000,6.504,0,4,0,c00000,124,172,218,261,2.771615982055664,3.8444995880126953,4.872679710388184,5.833804607391357
1627,6508000,6.508,0,4,0,c00000,240,283,323,359,5.364418029785156,6.32554292678833,7.2196125984191895,8.024275302886963
1628,6512000,6.512,0,4,0,c00000,342,376,407,434,7.644295692443848,8.404254913330078,9.097158908843994,9.700655937194824
1629,6516000,6.516,0,4,0,c00000,422,446,466,482,9.432435035705566,9.968876838684082,10.415911674499512,10.773539543151855
1630,6520000,6.52,0,4,0,c00000,475,488,496,499,10.617077350616455,10.907649993896484,11.086463928222656,11.15351915359497
1631,6524000,6.524,0,4,0,c00000,499,499,495,486,11.15351915359497,11.15351915359497,11.064112186431885,10.862946510314941
1632,6528000,6.528,0,4,0,c00000,491,479,462,441,10.974705219268799,10.706484317779541,10.326504707336426,9.857118129730225
1633,6532000,6.532,0,4,0,c00000,452,428,401,369,10.102987289428711,9.566545486450195,8.963048458099365,8.247792720794678
1634,6536000,6.536,0,4,0,c00000,385,351,314,273,8.605420589447021,7.845461368560791,7.018446922302246,6.102025508880615
1635,6540000,6.54,0,4,0,c00000,293,252,207,161,6.549060344696045,5.632638931274414,4.626810550689697,3.598630428314209
1636,6544000,6.544,0,4,0,c00000,184,136,88,38,4.112720489501953,3.039836883544922,1.9669532775878906,0.8493661880493164
1637,6548000,6.548,0,4,0,c00000,62,12,-37,-86,1.385807991027832,0.2682209014892578,-0.8270144462585449,-1.9222497940063477
1638,6552000,6.552,0,4,0,c00000,-62,-111,-159,-206,-1.385807991027832,-2.4810433387756348,-3.553926944732666,-4.604458808898926
1639,6556000,6.556,0,4,0,c00000,-184,-229,-272,-313,-4.112720489501953,-5.11854887008667,-6.079673767089844,-6.996095180511475
1640,6560000,6.56,0,4,0,c00000,-293,-332,-368,-400,-6.549060344696045,-7.420778274536133,-8.225440979003906,-8.940696716308594
1641,6564000,6.564,0,4,0,c00000,-385,-415,-440,-462,-8.605420589447021,-9.275972843170166,-9.834766387939453,-10.326504707336426
1642,6568000,6.568,0,4,0,c00000,-452,-471,-485,-495,-10.102987289428711,-10.52767038345337,-10.84059476852417,-11.064112186431885
1643,6572000,6.572,0,4,0,c00000,-491,-498,-499,-496,-10.974705219268799,-11.1311674118042,-11.15351915359497,-11.086463928222656
1644,6576000,6.576,0,4,0,c00000,-499,-493,-482,-467,-11.15351915359497,-11.019408702850342,-10.773539543151855,-10.438263416290283
1645,6580000,6.58,0,4,0,c00000,-475,-457,-435,-408,-10.617077350616455,-10.214745998382568,-9.723007678985596,-9.119510650634766
1646,6584000,6.584,0,4,0,c00000,-422,-393,-360,-324,-9.432435035705566,-8.784234523773193,-8.046627044677734,-7.241964340209961
1647,6588000,6.588,0,4,0,c00000,-342,-304,-263,-219,-7.644295692443848,-6.794929504394531,-5.8785080909729,-4.895031452178955
1648,6592000,6.592,0,4,0,c00000,-240,-195,-149,-100,-5.364418029785156,-4.3585896492004395,-3.330409526824951,-2.2351741790771484
1649,6596000,6.596,0,4,0,c00000,-124,-75,-25,24,-2.771615982055664,-1.6763806343078613,-0.5587935447692871,0.5364418029785156
1650,6600000,6.6,0,4,0,c00000,0,49,99,147,0.0,1.0952353477478027,2.212822437286377,3.285706043243408
1651,6604000,6.604,0,4,0,c00000,124,172,218,261,2.771615982055664,3.8444995880126953,4.872679710388184,5.833804607391357
1652,6608000,6.608,0,4,0,c00000,240,283,323,359,5.364418029785156,6.32554292678833,7.2196125984191895,8.024275302886963
1653,6612000,6.612,0,4,0,c00000,342,376,407,434,7.644295692443848,8.404254913330078,9.097158908843994,9.700655937194824
1654,6616000,6.616,0,4,0,c00000,422,446,466,482,9.432435035705566,9.968876838684082,10.415911674499512,10.773539543151855
1655,6620000,6.62,0,4,0,c00000,475,488,496,499,10.617077350616455,10.907649993896484,11.086463928222656,11.15351915359497
1656,6624000,6.624,0,4,0,c00000,499,499,495,486,11.15351915359497,11.15351915359497,11.064112186431885,10.862946510314941
1657,6628000,6.628,0,4,0,c00000,491,479,462,441,10.974705219268799,10.706484317779541,10.326504707336426,9.857118129730225
1658,6632000,6.632,0,4,0,c00000,452,428,401,369,10.102987289428711,9.566545486450195,8.963048458099365,8.247792720794678
1659,6636000,6.636,0,4,0,c00000,385,351,314,273,8.605420589447021,7.845461368560791,7.018446922302246,6.102025508880615
1660,6640000,6.64,0,4,0,c00000,293,252,207,161,6.549060344696045,5.632638931274414,4.626810550689697,3.598630428314209
1661,6644000,6.644,0,4,0,c00000,184,136,88,38,4.112720489501953,3.039836883544922,1.9669532775878906,0.8493661880493164
1662,6648000,6.648,0,4,0,c00000,62,12,-37,-86,1.385807991027832,0.2682209014892578,-0.8270144462585449,-1.9222497940063477
1663,6652000,6.652,0,4,0,c00000,-62,-111,-159,-206,-1.385807991027832,-2.4810433387756348,-3.553926944732666,-4.604458808898926
1664,6656000,6.656,0,4,0,c00000,-184,-229,-272,-313,-4.112720489501953,-5.11854887008667,-6.079673767089844,-6.996095180511475
1665,6660000,6.66,0,4,0,c00000,-293,-332,-368,-400,-6.549060344696045,-7.420778274536133,-8.225440979003906,-8.940696716308594
1666,6664000,6.664,0,4,0,c00000,-385,-415,-440,-462,-8.605420589447021,-9.275972843170166,-9.834766387939453,-10.326504707336426
1667,6668000,6.668,0,4,0,c00000,-452,-471,-485,-495,-10.102987289428711,-10.52767038345337,-10.84059476852417,-11.064112186431885
1668,6672000,6.672,0,4,0,c00000,-491,-498,-499,-496,-10.974705219268799,-11.1311674118042,-11.15351915359497,-11.086463928222656
1669,6676000,6.676,0,4,0,c00000,-499,-493,-482,-467,-11.15351915359497,-11.019408702850342,-10.773539543151855,-10.438263416290283
1670,6680000,6.68,0,4,0,c00000,-475,-457,-435,-408,-10.617077350616455,-10.214745998382568,-9.723007678985596,-9.119510650634766
1671,6684000,6.684,0,4,0,c00000,-422,-393,-360,-324,-9.432435035705566,-8.784234523773193,-8.046627044677734,-7.241964340209961
1672,6688000,6.688,0,4,0,c00000,-342,-304,-263,-219,-7.644295692443848,-6.794929504394531,-5.8785080909729,-4.895031452178955
1673,6692000,6.692,0,4,0,c00000,-240,-195,-149,-100,-5.364418029785156,-4.3585896492004395,-3.330409526824951,-2.2351741790771484
1674,6696000,6.696,0,4,0,c00000,-124,-75,-25,24,-2.771615982055664,-1.6763806343078613,-0.5587935447692871,0.5364418029785156
1675,6700000,6.7,0,4,0,c00000,0,49,99,147,0.0,1.0952353477478027,2.212822437286377,3.285706043243408
1676,6704000,6.704,0,4,0,c00000,124,172,218,261,2.771615982055664,3.8444995880126953,4.872679710388184,5.833804607391357
1677,6708000,6.708,0,4,0,c00000,240,283,323,359,5.364418029785156,6.32554292678833,7.2196125984191895,8.024275302886963
1678,6712000,6.712,0,4,0,c00000,342,376,407,434,7.644295692443848,8.404254913330078,9.097158908843994,9.700655937194824
1679,6716000,6.716,0,4,0,c00000,422,446,466,482,9.432435035705566,9.968876838684082,10.415911674499512,10.773539543151855
1680,6720000,6.72,0,4,0,c00000,475,488,496,499,10.617077350616455,10.907649993896484,11.086463928222656,11.15351915359497
1681,6724000,6.724,0,4,0,c00000,499,499,495,486,11.15351915359497,11.15351915359497,11.064112186431885,10.862946510314941
1682,6728000,6.728,0,4,0,c00000,491,479,462,441,10.974705219268799,10.706484317779541,10.326504707336426,9.857118129730225
1683,6732000,6.732,0,4,0,c00000,452,428,401,369,10.102987289428711,9.566545486450195,8.963048458099365,8.247792720794678
1684,6736000,6.736,0,4,0,c00000,385,351,314,273,8.605420589447021,7.845461368560791,7.018446922302246,6.102025508880615
1685,6740000,6.74,0,4,0,c00000,293,252,207,161,6.549060344696045,5.632638931274414,4.626810550689697,3.598630428314209
1686,6744000,6.744,0,4,0,c00000,184,136,88,38,4.112720489501953,3.039836883544922,1.9669532775878906,0.8493661880493164
1687,6748000,6.748,0,4,0,c00000,62,12,-37,-86,1.385807991027832,0.2682209014892578,-0.8270144462585449,-1.9222497940063477
1688,6752000,6.752,0,4,0,c00000,-62,-111,-159,-206,-1.385807991027832,-2.4810433387756348,-3.553926944732666,-4.604458808898926
1689,6756000,6.756,0,4,0,c00000,-184,-229,-272,-313,-4.112720489501953,-5.11854887008667,-6.079673767089844,-6.996095180511475
1690,6760000,6.76,0,4,0,c00000,-293,-332,-368,-400,-6.549060344696045,-7.420778274536133,-8.225440979003906,-8.940696716308594
1691,6764000,6.764,0,4,0,c00000,-385,-415,-440,-462,-8.605420589447021,-9.275972843170166,-9.834766387939453,-10.326504707336426
1692,6768000,6.768,0,4,0,c00000,-452,-471,-485,-495,-10.102987289428711,-10.52767038345337,-10.84059476852417,-11.064112186431885
1693,6772000,6.772,0,4,0,c00000,-491,-498,-499,-496,-10.974705219268799,-11.1311674118042,-11.15351915359497,-11.086463928222656
1694,6776000,6.776,0,4,0,c00000,-499,-493,-482,-467,-11.15351915359497,-11.019408702850342,-10.773539543151855,-10.438263416290283
1695,6780000,6.78,0,4,0,c00000,-475,-457,-435,-408,-10.617077350616455,-10.214745998382568,-9.723007678985596,-9.119510650634766
1696,6784000,6.784,0,4,0,c00000,-422,-393,-360,-324,-9.432435035705566,-8.784234523773193,-8.046627044677734,-7.241964340209961
1697,6788000,6.788,0,4,0,c00000,-342,-304,-263,-219,-7.644295692443848,-6.794929504394531,-5.8785080909729,-4.895031452178955
1698,6792000,6.792,0,4,0,c00000,-240,-195,-149,-100,-5.364418029785156,-4.3585896492004395,-3.330409526824951,-2.2351741790771484
1699,6796000,6.796,0,4,0,c00000,-124,-75,-25,24,-2.771615982055664,-1.6763806343078613,-0.5587935447692871,0.5364418029785156
1700,6800000,6.8,0,4,0,c00000,0,49,99,147,0.0,1.0952353477478027,2.212822437286377,3.285706043243408
1701,6804000,6.804,0,4,0,c00000,124,172,218,261,2.771615982055664,3.8444995880126953,4.872679710388184,5.833804607391357
1702,6808000,6.808,0,4,0,c00000,240,283,323,359,5.364418029785156,6.32554292678833,7.2196125984191895,8.024275302886963
1703,6812000,6.812,0,4,0,c00000,342,376,407,434,7.644295692443848,8.404254913330078,9.097158908843994,9.700655937194824
1704,6816000,6.816,0,4,0,c00000,422,446,466,482,9.432435035705566,9.968876838684082,10.415911674499512,10.773539543151855
1705,6820000,6.82,0,4,0,c00000,475,488,496,499,10.617077350616455,10.907649993896484,11.086463928222656,11.15351915359497
1706,6824000,6.824,0,4,0,c00000,499,499,495,486,11.15351915359497,11.15351915359497,11.064112186431885,10.862946510314941
1707,6828000,6.828,0,4,0,c00000,491,479,462,441,10.974705219268799,10.706484317779541,10.326504707336426,9.857118129730225
1708,6832000,6.832,0,4,0,c00000,452,428,401,369,10.102987289428711,9.566545486450195,8.963048458099365,8.247792720794678
1709,6836000,6.836,0,4,0,c00000,385,351,314,273,8.605420589447021,7.845461368560791,7.018446922302246,6.102025508880615
1710,6840000,6.84,0,4,0,c00000,293,252,207,161,6.549060344696045,5.632638931274414,4.626810550689697,3.598630428314209
1711,6844000,6.844,0,4,0,c00000,184,136,88,38,4.112720489501953,3.039836883544922,1.9669532775878906,0.8493661880493164
1712,6848000,6.848,0,4,0,c00000,62,12,-37,-86,1.385807991027832,0.2682209014892578,-0.8270144462585449,-1.9222497940063477
1713,6852000,6.852,0,4,0,c00000,-62,-111,-159,-206,-1.385807991027832,-2.4810433387756348,-3.553926944732666,-4.604458808898926
1714,6856000,6.856,0,4,0,c00000,-184,-229,-272,-313,-4.112720489501953,-5.11854887008667,-6.079673767089844,-6.996095180511475
1715,6860000,6.86,0,4,0,c00000,-293,-332,-368,-400,-6.549060344696045,-7.420778274536133,-8.225440979003906,-8.940696716308594
1716,6864000,6.864,0,4,0,c00000,-385,-415,-440,-462,-8.605420589447021,-9.275972843170166,-9.834766387939453,-10.326504707336426
1717,6868000,6.868,0,4,0,c00000,-452,-471,-485,-495,-10.102987289428711,-10.52767038345337,-10.84059476852417,-11.064112186431885
1718,6872000,6.872,0,4,0,c00000,-491,-498,-499,-496,-10.974705219268799,-11.1311674118042,-11.15351915359497,-11.086463928222656
1719,6876000,6.876,0,4,0,c00000,-499,-493,-482,-467,-11.15351915359497,-11.019408702850342,-10.773539543151855,-10.438263416290283
1720,6880000,6.88,0,4,0,c00000,-475,-457,-435,-408,-10.617077350616455,-10.214745998382568,-9.723007678985596,-9.119510650634766
1721,6884000,6.884,0,4,0,c00000,-422,-393,-360,-324,-9.432435035705566,-8.784234523773193,-8.046627044677734,-7.241964340209961
1722,6888000,6.888,0,4,0,c00000,-342,-304,-263,-219,-7.644295692443848,-6.794929504394531,-5.8785080909729,-4.895031452178955
1723,6892000,6.892,0,4,0,c00000,-240,-195,-149,-100,-5.364418029785156,-4.3585896492004395,-3.330409526824951,-2.2351741790771484
1724,6896000,6.896,0,4,0,c00000,-124,-75,-25,24,-2.771615982055664,-1.6763806343078613,-0.5587935447692871,0.5364418029785156
1725,6900000,6.9,0,4,0,c00000,0,49,99,147,0.0,1.0952353477478027,2.212822437286377,3.285706043243408
1726,6904000,6.904,0,4,0,c00000,124,172,218,261,2.771615982055664,3.8444995880126953,4.872679710388184,5.833804607391357
1727,6908000,6.908,0,4,0,c00000,240,283,323,359,5.364418029785156,6.32554292678833,7.2196125984191895,8.024275302886963
1728,6912000,6.912,0,4,0,c00000,342,376,407,434,7.644295692443848,8.404254913330078,9.097158908843994,9.700655937194824
1729,6916000,6.916,0,4,0,c00000,422,446,466,482,9.432435035705566,9.968876838684082,10.415911674499512,10.773539543151855
1730,6920000,6.92,0,4,0,c00000,475,488,496,499,10.617077350616455,10.907649993896484,11.086463928222656,11.15351915359497
1731,6924000,6.924,0,4,0,c00000,499,499,495,486,11.15351915359497,11.15351915359497,11.064112186431885,10.862946510314941
1732,6928000,6.928,0,4,0,c00000,491,479,462,441,10.974705219268799,10.706484317779541,10.326504707336426,9.857118129730225
1733,6932000,6.932,0,4,0,c00000,452,428,401,369,10.102987289428711,9.566545486450195,8.963048458099365,8.247792720794678
1734,6936000,6.936,0,4,0,c00000,385,351,314,273,8.605420589447021,7.845461368560791,7.018446922302246,6.102025508880615
1735,6940000,6.94,0,4,0,c00000,293,252,207,161,6.549060344696045,5.632638931274414,4.626810550689697,3.598630428314209
1736,6944000,6.944,0,4,0,c00000,184,136,88,38,4.112720489501953,3.039836883544922,1.9669532775878906,0.8493661880493164
1737,6948000,6.948,0,4,0,c00000,62,12,-37,-86,1.385807991027832,0.2682209014892578,-0.8270144462585449,-1.9222497940063477
1738,6952000,6.952,0,4,0,c00000,-62,-111,-159,-206,-1.385807991027832,-2.4810433387756348,-3.553926944732666,-4.604458808898926
1739,6956000,6.956,0,4,0,c00000,-184,-229,-272,-313,-4.112720489501953,-5.11854887008667,-6.079673767089844,-6.996095180511475
1740,6960000,6.96,0,4,0,c00000,-293,-332,-368,-400,-6.549060344696045,-7.420778274536133,-8.225440979003906,-8.940696716308594
1741,6964000,6.964,0,4,0,c00000,-385,-415,-440,-462,-8.605420589447021,-9.275972843170166,-9.834766387939453,-10.326504707336426
1742,6968000,6.968,0,4,0,c00000,-452,-471,-485,-495,-10.102987289428711,-10.52767038345337,-10.84059476852417,-11.064112186431885
1743,6972000,6.972,0,4,0,c00000,-491,-498,-499,-496,-10.974705219268799,-11.1311674118042,-11.15351915359497,-11.086463928222656
1744,6976000,6.976,0,4,0,c00000,-499,-493,-482,-467,-11.15351915359497,-11.019408702850342,-10.773539543151855,-10.438263416290283
1745,6980000,6.98,0,4,0,c00000,-475,-457,-435,-408,-10.617077350616455,-10.214745998382568,-9.723007678985596,-9.119510650634766
1746,6984000,6.984,0,4,0,c00000,-422,-393,-360,-324,-9.432435035705566,-8.784234523773193,-8.046627044677734,-7.241964340209961
1747,6988000,6.988,0,4,0,c00000,-342,-304,-263,-219,-7.644295692443848,-6.794929504394531,-5.8785080909729,-4.895031452178955
1748,6992000,6.992,0,4,0,c00000,-240,-195,-149,-100,-5.364418029785156,-4.3585896492004395,-3.330409526824951,-2.2351741790771484
1749,6996000,6.996,0,4,0,c00000,-124,-75,-25,24,-2.771615982055664,-1.6763806343078613,-0.5587935447692871,0.5364418029785156
1750,7000000,7.0,0,4,0,c00000,0,49,99,147,0.0,1.0952353477478027,2.212822437286377,3.285706043243408
1751,7004000,7.004,0,4,0,c00000,124,172,218,261,2.771615982055664,3.8444995880126953,4.872679710388184,5.833804607391357
1752,7008000,7.008,0,4,0,c00000,240,283,323,359,5.364418029785156,6.32554292678833,7.2196125984191895,8.024275302886963
1753,7012000,7.012,0,4,0,c00000,342,376,407,434,7.644295692443848,8.404254913330078,9.097158908843994,9.700655937194824
1754,7016000,7.016,0,4,0,c00000,422,446,466,482,9.432435035705566,9.968876838684082,10.415911674499512,10.773539543151855
1755,7020000,7.02,0,4,0,c00000,475,488,496,499,10.617077350616455,10.907649993896484,11.086463928222656,11.15351915359497
1756,7024000,7.024,0,4,0,c00000,499,499,495,486,11.15351915359497,11.15351915359497,11.064112186431885,10.862946510314941
1757,7028000,7.028,0,4,0,c00000,491,479,462,441,10.974705219268799,10.706484317779541,10.326504707336426,9.857118129730225
1758,7032000,7.032,0,4,0,c00000,452,428,401,369,10.102987289428711,9.566545486450195,8.963048458099365,8.247792720794678
1759,7036000,7.036,0,4,0,c00000,385,351,314,273,8.605420589447021,7.845461368560791,7.018446922302246,6.102025508880615
1760,7040000,7.04,0,4,0,c00000,293,252,207,161,6.549060344696045,5.632638931274414,4.626810550689697,3.598630428314209
1761,7044000,7.044,0,4,0,c00000,184,136,88,38,4.112720489501953,3.039836883544922,1.9669532775878906,0.8493661880493164
1762,7048000,7.048,0,4,0,c00000,62,12,-37,-86,1.385807991027832,0.2682209014892578,-0.8270144462585449,-1.9222497940063477
1763,7052000,7.052,0,4,0,c00000,-62,-111,-159,-206,-1.385807991027832,-2.4810433387756348,-3.553926944732666,-4.604458808898926
1764,7056000,7.056,0,4,0,c00000,-184,-229,-272,-313,-4.112720489501953,-5.11854887008667,-6.079673767089844,-6.996095180511475
1765,7060000,7.06,0,4,0,c00000,-293,-332,-368,-400,-6.549060344696045,-7.420778274536133,-8.225440979003906,-8.940696716308594
1766,7064000,7.064,0,4,0,c00000,-385,-415,-440,-462,-8.605420589447021,-9.275972843170166,-9.834766387939453,-10.326504707336426
1767,7068000,7.068,0,4,0,c00000,-452,-471,-485,-495,-10.102987289428711,-10.52767038345337,-10.84059476852417,-11.064112186431885
1768,7072000,7.072,0,4,0,c00000,-491,-498,-499,-496,-10.974705219268799,-11.1311674118042,-11.15351915359497,-11.086463928222656
1769,7076000,7.076,0,4,0,c00000,-499,-493,-482,-467,-11.15351915359497,-11.019408702850342,-10.773539543151855,-10.438263416290283
1770,7080000,7.08,0,4,0,c00000,-475,-457,-435,-408,-10.617077350616455,-10.214745998382568,-9.723007678985596,-9.119510650634766
1771,7084000,7.084,0,4,0,c00000,-422,-393,-360,-324,-9.432435035705566,-8.784234523773193,-8.046627044677734,-7.241964340209961
1772,7088000,7.088,0,4,0,c00000,-342,-304,-263,-219,-7.644295692443848,-6.794929504394531,-5.8785080909729,-4.895031452178955
1773,7092000,7.092,0,4,0,c00000,-240,-195,-149,-100,-5.364418029785156,-4.3585896492004395,-3.330409526824951,-2.2351741790771484
1774,7096000,7.096,0,4,0,c00000,-124,-75,-25,24,-2.771615982055664,-1.6763806343078613,-0.5587935447692871,0.5364418029785156
1775,7100000,7.1,0,4,0,c00000,0,49,99,147,0.0,1.0952353477478027,2.212822437286377,3.285706043243408
1776,7104000,7.104,0,4,0,c00000,124,172,218,261,2.771615982055664,3.8444995880126953,4.872679710388184,5.833804607391357
1777,7108000,7.108,0,4,0,c00000,240,283,323,359,5.364418029785156,6.32554292678833,7.2196125984191895,8.024275302886963
1778,7112000,7.112,0,4,0,c00000,342,376,407,434,7.644295692443848,8.404254913330078,9.097158908843994,9.700655937194824
1779,7116000,7.116,0,4,0,c00000,422,446,466,482,9.432435035705566,9.968876838684082,10.415911674499512,10.773539543151855
1780,7120000,7.12,0,4,0,c00000,475,488,496,499,10.617077350616455,10.907649993896484,11.086463928222656,11.15351915359497
1781,7124000,7.124,0,4,0,c00000,499,499,495,486,11.15351915359497,11.15351915359497,11.064112186431885,10.862946510314941
1782,7128000,7.128,0,4,0,c00000,491,479,462,441,10.974705219268799,10.706484317779541,10.326504707336426,9.857118129730225
1783,7132000,7.132,0,4,0,c00000,452,428,401,369,10.102987289428711,9.566545486450195,8.963048458099365,8.247792720794678
1784,7136000,7.136,0,4,0,c00000,385,351,314,273,8.605420589447021,7.845461368560791,7.018446922302246,6.102025508880615
1785,7140000,7.14,0,4,0,c00000,293,252,207,161,6.549060344696045,5.632638931274414,4.626810550689697,3.598630428314209
1786,7144000,7.144,0,4,0,c00000,184,136,88,38,4.112720489501953,3.039836883544922,1.9669532775878906,0.8493661880493164
1787,7148000,7.148,0,4,0,c00000,62,12,-37,-86,1.385807991027832,0.2682209014892578,-0.8270144462585449,-1.9222497940063477
1788,7152000,7.152,0,4,0,c00000,-62,-111,-159,-206,-1.385807991027832,-2.4810433387756348,-3.553926944732666,-4.604458808898926
1789,7156000,7.156,0,4,0,c00000,-184,-229,-272,-313,-4.112720489501953,-5.11854887008667,-6.079673767089844,-6.996095180511475
1790,7160000,7.16,0,4,0,c00000,-293,-332,-368,-400,-6.549060344696045,-7.420778274536133,-8.225440979003906,-8.940696716308594
1791,7164000,7.164,0,4,0,c00000,-385,-415,-440,-462,-8.605420589447021,-9.275972843170166,-9.834766387939453,-10.326504707336426
1792,7168000,7.168,0,4,0,c00000,-452,-471,-485,-495,-10.102987289428711,-10.52767038345337,-10.84059476852417,-11.064112186431885
1793,7172000,7.172,0,4,0,c00000,-491,-498,-499,-496,-10.974705219268799,-11.1311674118042,-11.15351915359497,-11.086463928222656
1794,7176000,7.176,0,4,0,c00000,-499,-493,-482,-467,-11.15351915359497,-11.019408702850342,-10.773539543151855,-10.438263416290283
1795,7180000,7.18,0,4,0,c00000,-475,-457,-435,-408,-10.617077350616455,-10.214745998382568,-9.723007678985596,-9.119510650634766
1796,7184000,7.184,0,4,0,c00000,-422,-393,-360,-324,-9.432435035705566,-8.784234523773193,-8.046627044677734,-7.241964340209961
1797,7188000,7.188,0,4,0,c00000,-342,-304,-263,-219,-7.644295692443848,-6.794929504394531,-5.8785080909729,-4.895031452178955
1798,7192000,7.192,0,4,0,c00000,-240,-195,-149,-100,-5.364418029785156,-4.3585896492004395,-3.330409526824951,-2.2351741790771484
1799,7196000,7.196,0,4,0,c00000,-124,-75,-25,24,-2.771615982055664,-1.6763806343078613,-0.5587935447692871,0.5364418029785156
1800,7200000,7.2,0,4,0,c00000,0,49,99,147,0.0,1.0952353477478027,2.212822437286377,3.285706043243408
1801,7204000,7.204,0,4,0,c00000,124,172,218,261,2.771615982055664,3.8444995880126953,4.872679710388184,5.833804607391357
1802,7208000,7.208,0,4,0,c00000,240,283,323,359,5.364418029785156,6.32554292678833,7.2196125984191895,8.024275302886963
1803,7212000,7.212,0,4,0,c00000,342,376,407,434,7.644295692443848,8.404254913330078,9.097158908843994,9.700655937194824
1804,7216000,7.216,0,4,0,c00000,422,446,466,482,9.432435035705566,9.968876838684082,10.415911674499512,10.773539543151855
1805,7220000,7.22,0,4,0,c00000,475,488,496,499,10.617077350616455,10.907649993896484,11.086463928222656,11.15351915359497
1806,7224000,7.224,0,4,0,c00000,499,499,495,486,11.15351915359497,11.15351915359497,11.064112186431885,10.862946510314941
1807,7228000,7.228,0,4,0,c00000,491,479,462,441,10.974705219268799,10.706484317779541,10.326504707336426,9.857118129730225
1808,7232000,7.232,0,4,0,c00000,452,428,401,369,10.102987289428711,9.566545486450195,8.963048458099365,8.247792720794678
1809,7236000,7.236,0,4,0,c00000,385,351,314,273,8.605420589447021,7.845461368560791,7.018446922302246,6.102025508880615
1810,7240000,7.24,0,4,0,c00000,293,252,207,161,6.549060344696045,5.632638931274414,4.626810550689697,3.598630428314209
1811,7244000,7.244,0,4,0,c00000,184,136,88,38,4.112720489501953,3.039836883544922,1.9669532775878906,0.8493661880493164
1812,7248000,7.248,0,4,0,c00000,62,12,-37,-86,1.385807991027832,0.2682209014892578,-0.8270144462585449,-1.9222497940063477
1813,7252000,7.252,0,4,0,c00000,-62,-111,-159,-206,-1.385807991027832,-2.4810433387756348,-3.553926944732666,-4.604458808898926
1814,7256000,7.256,0,4,0,c00000,-184,-229,-272,-313,-4.112720489501953,-5.11854887008667,-6.079673767089844,-6.996095180511475
1815,7260000,7.26,0,4,0,c00000,-293,-332,-368,-400,-6.549060344696045,-7.420778274536133,-8.225440979003906,-8.940696716308594
1816,7264000,7.264,0,4,0,c00000,-385,-415,-440,-462,-8.605420589447021,-9.275972843170166,-9.834766387939453,-10.326504707336426
1817,7268000,7.268,0,4,0,c00000,-452,-471,-485,-495,-10.102987289428711,-10.52767038345337,-10.84059476852417,-11.064112186431885
1818,7272000,7.272,0,4,0,c00000,-491,-498,-499,-496,-10.974705219268799,-11.1311674118042,-11.15351915359497,-11.086463928222656
1819,7276000,7.276,0,4,0,c00000,-499,-493,-482,-467,-11.15351915359497,-11.019408702850342,-10.773539543151855,-10.438263416290283
1820,7280000,7.28,0,4,0,c00000,-475,-457,-435,-408,-10.617077350616455,-10.214745998382568,-9.723007678985596,-9.119510650634766
1821,7284000,7.284,0,4,0,c00000,-422,-393,-360,-324,-9.432435035705566,-8.784234523773193,-8.046627044677734,-7.241964340209961
1822,7288000,7.288,0,4,0,c00000,-342,-304,-263,-219,-7.644295692443848,-6.794929504394531,-5.8785080909729,-4.895031452178955
1823,7292000,7.292,0,4,0,c00000,-240,-195,-149,-100,-5.364418029785156,-4.3585896492004395,-3.330409526824951,-2.2351741790771484
1824,7296000,7.296,0,4,0,c00000,-124,-75,-25,24,-2.771615982055664,-1.6763806343078613,-0.5587935447692871,0.5364418029785156
1825,7300000,7.3,0,4,0,c00000,0,49,99,147,0.0,1.0952353477478027,2.212822437286377,3.285706043243408
1826,7304000,7.304,0,4,0,c00000,124,172,218,261,2.771615982055664,3.8444995880126953,4.872679710388184,5.833804607391357
1827,7308000,7.308,0,4,0,c00000,240,283,323,359,5.364418029785156,6.32554292678833,7.2196125984191895,8.024275302886963
1828,7312000,7.312,0,4,0,c00000,342,376,407,434,7.644295692443848,8.404254913330078,9.097158908843994,9.700655937194824
1829,7316000,7.316,0,4,0,c00000,422,446,466,482,9.432435035705566,9.968876838684082,10.415911674499512,10.773539543151855
1830,7320000,7.32,0,4,0,c00000,475,488,496,499,10.617077350616455,10.907649993896484,11.086463928222656,11.15351915359497
1831,7324000,7.324,0,4,0,c00000,499,499,495,486,11.15351915359497,11.15351915359497,11.064112186431885,10.862946510314941
1832,7328000,7.328,0,4,0,c00000,491,479,462,441,10.974705219268799,10.706484317779541,10.326504707336426,9.857118129730225
1833,7332000,7.332,0,4,0,c00000,452,428,401,369,10.102987289428711,9.566545486450195,8.963048458099365,8.247792720794678
1834,7336000,7.336,0,4,0,c00000,385,351,314,273,8.605420589447021,7.845461368560791,7.018446922302246,6.102025508880615
1835,7340000,7.34,0,4,0,c00000,293,252,207,161,6.549060344696045,5.632638931274414,4.626810550689697,3.598630428314209
1836,7344000,7.344,0,4,0,c00000,184,136,88,38,4.112720489501953,3.039836883544922,1.9669532775878906,0.8493661880493164
1837,7348000,7.348,0,4,0,c00000,62,12,-37,-86,1.385807991027832,0.2682209014892578,-0.8270144462585449,-1.9222497940063477
1838,7352000,7.352,0,4,0,c00000,-62,-111,-159,-206,-1.385807991027832,-2.4810433387756348,-3.553926944732666,-4.604458808898926
1839,7356000,7.356,0,4,0,c00000,-184,-229,-272,-313,-4.112720489501953,-5.11854887008667,-6.079673767089844,-6.996095180511475
1840,7360000,7.36,0,4,0,c00000,-293,-332,-368,-400,-6.549060344696045,-7.420778274536133,-8.225440979003906,-8.940696716308594
1841,7364000,7.364,0,4,0,c00000,-385,-415,-440,-462,-8.605420589447021,-9.275972843170166,-9.834766387939453,-10.326504707336426
1842,7368000,7.368,0,4,0,c00000,-452,-471,-485,-495,-10.102987289428711,-10.52767038345337,-10.84059476852417,-11.064112186431885
1843,7372000,7.372,0,4,0,c00000,-491,-498,-499,-496,-10.974705219268799,-11.1311674118042,-11.15351915359497,-11.086463928222656
1844,7376000,7.376,0,4,0,c00000,-499,-493,-482,-467,-11.15351915359497,-11.019408702850342,-10.773539543151855,-10.438263416290283
1845,7380000,7.38,0,4,0,c00000,-475,-457,-435,-408,-10.617077350616455,-10.214745998382568,-9.723007678985596,-9.119510650634766
1846,7384000,7.384,0,4,0,c00000,-422,-393,-360,-324,-9.432435035705566,-8.784234523773193,-8.046627044677734,-7.241964340209961
1847,7388000,7.388,0,4,0,c00000,-342,-304,-263,-219,-7.644295692443848,-6.794929504394531,-5.8785080909729,-4.895031452178955
1848,7392000,7.392,0,4,0,c00000,-240,-195,-149,-100,-5.364418029785156,-4.3585896492004395,-3.330409526824951,-2.2351741790771484
1849,7396000,7.396,0,4,0,c00000,-124,-75,-25,24,-2.771615982055664,-1.6763806343078613,-0.5587935447692871,0.5364418029785156
1850,7400000,7.4,0,4,0,c00000,0,49,99,147,0.0,1.0952353477478027,2.212822437286377,3.285706043243408
1851,7404000,7.404,0,4,0,c00000,124,172,218,261,2.771615982055664,3.8444995880126953,4.872679710388184,5.833804607391357
1852,7408000,7.408,0,4,0,c00000,240,283,323,359,5.364418029785156,6.32554292678833,7.2196125984191895,8.024275302886963
1853,7412000,7.412,0,4,0,c00000,342,376,407,434,7.644295692443848,8.404254913330078,9.097158908843994,9.700655937194824
1854,7416000,7.416,0,4,0,c00000,422,446,466,482,9.432435035705566,9.968876838684082,10.415911674499512,10.773539543151855
1855,7420000,7.42,0,4,0,c00000,475,488,496,499,10.617077350616455,10.907649993896484,11.086463928222656,11.15351915359497
1856,7424000,7.424,0,4,0,c00000,499,499,495,486,11.15351915359497,11.15351915359497,11.064112186431885,10.862946510314941
1857,7428000,7.428,0,4,0,c00000,491,479,462,441,10.974705219268799,10.706484317779541,10.326504707336426,9.857118129730225
1858,7432000,7.432,0,4,0,c00000,452,428,401,369,10.102987289428711,9.566545486450195,8.963048458099365,8.247792720794678
1859,7436000,7.436,0,4,0,c00000,385,351,314,273,8.605420589447021,7.845461368560791,7.018446922302246,6.102025508880615
1860,7440000,7.44,0,4,0,c00000,293,252,207,161,6.549060344696045,5.632638931274414,4.626810550689697,3.598630428314209
1861,7444000,7.444,0,4,0,c00000,184,136,88,38,4.112720489501953,3.039836883544922,1.9669532775878906,0.8493661880493164
1862,7448000,7.448,0,4,0,c00000,62,12,-37,-86,1.385807991027832,0.2682209014892578,-0.8270144462585449,-1.9222497940063477
1863,7452000,7.452,0,4,0,c00000,-62,-111,-159,-206,-1.385807991027832,-2.4810433387756348,-3.553926944732666,-4.604458808898926
1864,7456000,7.456,0,4,0,c00000,-184,-229,-272,-313,-4.112720489501953,-5.11854887008667,-6.079673767089844,-6.996095180511475
1865,7460000,7.46,0,4,0,c00000,-293,-332,-368,-400,-6.549060344696045,-7.420778274536133,-8.225440979003906,-8.940696716308594
1866,7464000,7.464,0,4,0,c00000,-385,-415,-440,-462,-8.605420589447021,-9.275972843170166,-9.834766387939453,-10.326504707336426
1867,7468000,7.468,0,4,0,c00000,-452,-471,-485,-495,-10.102987289428711,-10.52767038345337,-10.84059476852417,-11.064112186431885
1868,7472000,7.472,0,4,0,c00000,-491,-498,-499,-496,-10.974705219268799,-11.1311674118042,-11.15351915359497,-11.086463928222656
1869,7476000,7.476,0,4,0,c00000,-499,-493,-482,-467,-11.15351915359497,-11.019408702850342,-10.773539543151855,-10.438263416290283
1870,7480000,7.48,0,4,0,c00000,-475,-457,-435,-408,-10.617077350616455,-10.214745998382568,-9.723007678985596,-9.119510650634766
1871,7484000,7.484,0,4,0,c00000,-422,-393,-360,-324,-9.432435035705566,-8.784234523773193,-8.046627044677734,-7.241964340209961
1872,7488000,7.488,0,4,0,c00000,-342,-304,-263,-219,-7.644295692443848,-6.794929504394531,-5.8785080909729,-4.895031452178955
1873,7492000,7.492,0,4,0,c00000,-240,-195,-149,-100,-5.364418029785156,-4.3585896492004395,-3.330409526824951,-2.2351741790771484
1874,7496000,7.496,0,4,0,c00000,-124,-75,-25,24,-2.771615982055664,-1.6763806343078613,-0.5587935447692871,0.5364418029785156
1875,7500000,7.5,0,4,0,c00000,0,49,99,147,0.0,1.0952353477478027,2.212822437286377,3.285706043243408
1876,7504000,7.504,0,4,0,c00000,124,172,218,261,2.771615982055664,3.8444995880126953,4.872679710388184,5.833804607391357
1877,7508000,7.508,0,4,0,c00000,240,283,323,359,5.364418029785156,6.32554292678833,7.2196125984191895,8.024275302886963
1878,7512000,7.512,0,4,0,c00000,342,376,407,434,7.644295692443848,8.404254913330078,9.097158908843994,9.700655937194824
1879,7516000,7.516,0,4,0,c00000,422,446,466,482,9.432435035705566,9.968876838684082,10.415911674499512,10.773539543151855
1880,7520000,7.52,0,4,0,c00000,475,488,496,499,10.617077350616455,10.907649993896484,11.086463928222656,11.15351915359497
1881,7524000,7.524,0,4,0,c00000,499,499,495,486,11.15351915359497,11.15351915359497,11.064112186431885,10.862946510314941
1882,7528000,7.528,0,4,0,c00000,491,479,462,441,10.974705219268799,10.706484317779541,10.326504707336426,9.857118129730225
1883,7532000,7.532,0,4,0,c00000,452,428,401,369,10.102987289428711,9.566545486450195,8.963048458099365,8.247792720794678
1884,7536000,7.536,0,4,0,c00000,385,351,314,273,8.605420589447021,7.845461368560791,7.018446922302246,6.102025508880615
1885,7540000,7.54,0,4,0,c00000,293,252,207,161,6.549060344696045,5.632638931274414,4.626810550689697,3.598630428314209
1886,7544000,7.544,0,4,0,c00000,184,136,88,38,4.112720489501953,3.039836883544922,1.9669532775878906,0.8493661880493164
1887,7548000,7.548,0,4,0,c00000,62,12,-37,-86,1.385807991027832,0.2682209014892578,-0.8270144462585449,-1.9222497940063477
1888,7552000,7.552,0,4,0,c00000,-62,-111,-159,-206,-1.385807991027832,-2.4810433387756348,-3.553926944732666,-4.604458808898926
1889,7556000,7.556,0,4,0,c00000,-184,-229,-272,-313,-4.112720489501953,-5.11854887008667,-6.079673767089844,-6.996095180511475
1890,7560000,7.56,0,4,0,c00000,-293,-332,-368,-400,-6.549060344696045,-7.420778274536133,-8.225440979003906,-8.940696716308594
1891,7564000,7.564,0,4,0,c00000,-385,-415,-440,-462,-8.605420589447021,-9.275972843170166,-9.834766387939453,-10.326504707336426
1892,7568000,7.568,0,4,0,c00000,-452,-471,-485,-495,-10.102987289428711,-10.52767038345337,-10.84059476852417,-11.064112186431885
1893,7572000,7.572,0,4,0,c00000,-491,-498,-499,-496,-10.974705219268799,-11.1311674118042,-11.15351915359497,-11.086463928222656
1894,7576000,7.576,0,4,0,c00000,-499,-493,-482,-467,-11.15351915359497,-11.019408702850342,-10.773539543151855,-10.438263416290283
1895,7580000,7.58,0,4,0,c00000,-475,-457,-435,-408,-10.617077350616455,-10.214745998382568,-9.723007678985596,-9.119510650634766
1896,7584000,7.584,0,4,0,c00000,-422,-393,-360,-324,-9.432435035705566,-8.784234523773193,-8.046627044677734,-7.241964340209961
1897,7588000,7.588,0,4,0,c00000,-342,-304,-263,-219,-7.644295692443848,-6.794929504394531,-5.8785080909729,-4.895031452178955
1898,7592000,7.592,0,4,0,c00000,-240,-195,-149,-100,-5.364418029785156,-4.3585896492004395,-3.330409526824951,-2.2351741790771484
1899,7596000,7.596,0,4,0,c00000,-124,-75,-25,24,-2.771615982055664,-1.6763806343078613,-0.5587935447692871,0.5364418029785156
1900,7600000,7.6,0,4,0,c00000,0,49,99,147,0.0,1.0952353477478027,2.212822437286377,3.285706043243408
1901,7604000,7.604,0,4,0,c00000,124,172,218,261,2.771615982055664,3.8444995880126953,4.872679710388184,5.833804607391357
1902,7608000,7.608,0,4,0,c00000,240,283,323,359,5.364418029785156,6.32554292678833,7.2196125984191895,8.024275302886963
1903,7612000,7.612,0,4,0,c00000,342,376,407,434,7.644295692443848,8.404254913330078,9.097158908843994,9.700655937194824
1904,7616000,7.616,0,4,0,c00000,422,446,466,482,9.432435035705566,9.968876838684082,10.415911674499512,10.773539543151855
1905,7620000,7.62,0,4,0,c00000,475,488,496,499,10.617077350616455,10.907649993896484,11.086463928222656,11.15351915359497
1906,7624000,7.624,0,4,0,c00000,499,499,495,486,11.15351915359497,11.15351915359497,11.064112186431885,10.862946510314941
1907,7628000,7.628,0,4,0,c00000,491,479,462,441,10.974705219268799,10.706484317779541,10.326504707336426,9.857118129730225
1908,7632000,7.632,0,4,0,c00000,452,428,401,369,10.102987289428711,9.566545486450195,8.963048458099365,8.247792720794678
1909,7636000,7.636,0,4,0,c00000,385,351,314,273,8.605420589447021,7.845461368560791,7.018446922302246,6.102025508880615
1910,7640000,7.64,0,4,0,c00000,293,252,207,161,6.549060344696045,5.632638931274414,4.626810550689697,3.598630428314209
1911,7644000,7.644,0,4,0,c00000,184,136,88,38,4.112720489501953,3.039836883544922,1.9669532775878906,0.8493661880493164
1912,7648000,7.648,0,4,0,c00000,62,12,-37,-86,1.385807991027832,0.2682209014892578,-0.8270144462585449,-1.9222497940063477
1913,7652000,7.652,0,4,0,c00000,-62,-111,-159,-206,-1.385807991027832,-2.4810433387756348,-3.553926944732666,-4.604458808898926
1914,7656000,7.656,0,4,0,c00000,-184,-229,-272,-313,-4.112720489501953,-5.11854887008667,-6.079673767089844,-6.996095180511475
1915,7660000,7.66,0,4,0,c00000,-293,-332,-368,-400,-6.549060344696045,-7.420778274536133,-8.225440979003906,-8.940696716308594
1916,7664000,7.664,0,4,0,c00000,-385,-415,-440,-462,-8.605420589447021,-9.275972843170166,-9.834766387939453,-10.326504707336426
1917,7668000,7.668,0,4,0,c00000,-452,-471,-485,-495,-10.102987289428711,-10.52767038345337,-10.84059476852417,-11.064112186431885
1918,7672000,7.672,0,4,0,c00000,-491,-498,-499,-496,-10.974705219268799,-11.1311674118042,-11.15351915359497,-11.086463928222656
1919,7676000,7.676,0,4,0,c00000,-499,-493,-482,-467,-11.15351915359497,-11.019408702850342,-10.773539543151855,-10.438263416290283
1920,7680000,7.68,0,4,0,c00000,-475,-457,-435,-408,-10.617077350616455,-10.214745998382568,-9.723007678985596,-9.119510650634766
1921,7684000,7.684,0,4,0,c00000,-422,-393,-360,-324,-9.432435035705566,-8.784234523773193,-8.046627044677734,-7.241964340209961
1922,7688000,7.688,0,4,0,c00000,-342,-304,-263,-219,-7.644295692443848,-6.794929504394531,-5.8785080909729,-4.895031452178955
1923,7692000,7.692,0,4,0,c00000,-240,-195,-149,-100,-5.364418029785156,-4.3585896492004395,-3.330409526824951,-2.2351741790771484
1924,7696000,7.696,0,4,0,c00000,-124,-75,-25,24,-2.771615982055664,-1.6763806343078613,-0.5587935447692871,0.5364418029785156
1925,7700000,7.7,0,4,0,c00000,0,49,99,147,0.0,1.0952353477478027,2.212822437286377,3.285706043243408
1926,7704000,7.704,0,4,0,c00000,124,172,218,261,2.771615982055664,3.8444995880126953,4.872679710388184,5.833804607391357
1927,7708000,7.708,0,4,0,c00000,240,283,323,359,5.364418029785156,6.32554292678833,7.2196125984191895,8.024275302886963
1928,7712000,7.712,0,4,0,c00000,342,376,407,434,7.644295692443848,8.404254913330078,9.097158908843994,9.700655937194824
1929,7716000,7.716,0,4,0,c00000,422,446,466,482,9.432435035705566,9.968876838684082,10.415911674499512,10.773539543151855
1930,7720000,7.72,0,4,0,c00000,475,488,496,499,10.617077350616455,10.907649993896484,11.086463928222656,11.15351915359497
1931,7724000,7.724,0,4,0,c00000,499,499,495,486,11.15351915359497,11.15351915359497,11.064112186431885,10.862946510314941
1932,7728000,7.728,0,4,0,c00000,491,479,462,441,10.974705219268799,10.706484317779541,10.326504707336426,9.857118129730225
1933,7732000,7.732,0,4,0,c00000,452,428,401,369,10.102987289428711,9.566545486450195,8.963048458099365,8.247792720794678
1934,7736000,7.736,0,4,0,c00000,385,351,314,273,8.605420589447021,7.845461368560791,7.018446922302246,6.102025508880615
1935,7740000,7.74,0,4,0,c00000,293,252,207,161,6.549060344696045,5.632638931274414,4.626810550689697,3.598630428314209
1936,7744000,7.744,0,4,0,c00000,184,136,88,38,4.112720489501953,3.039836883544922,1.9669532775878906,0.8493661880493164
1937,7748000,7.748,0,4,0,c00000,62,12,-37,-86,1.385807991027832,0.2682209014892578,-0.8270144462585449,-1.9222497940063477
1938,7752000,7.752,0,4,0,c00000,-62,-111,-159,-206,-1.385807991027832,-2.4810433387756348,-3.553926944732666,-4.604458808898926
1939,7756000,7.756,0,4,0,c00000,-184,-229,-272,-313,-4.112720489501953,-5.11854887008667,-6.079673767089844,-6.996095180511475
1940,7760000,7.76,0,4,0,c00000,-293,-332,-368,-400,-6.549060344696045,-7.420778274536133,-8.225440979003906,-8.940696716308594
1941,7764000,7.764,0,4,0,c00000,-385,-415,-440,-462,-8.605420589447021,-9.275972843170166,-9.834766387939453,-10.326504707336426
1942,7768000,7.768,0,4,0,c00000,-452,-471,-485,-495,-10.102987289428711,-10.52767038345337,-10.84059476852417,-11.064112186431885
1943,7772000,7.772,0,4,0,c00000,-491,-498,-499,-496,-10.974705219268799,-11.1311674118042,-11.15351915359497,-11.086463928222656
1944,7776000,7.776,0,4,0,c00000,-499,-493,-482,-467,-11.15351915359497,-11.019408702850342,-10.773539543151855,-10.438263416290283
1945,7780000,7.78,0,4,0,c00000,-475,-457,-435,-408,-10.617077350616455,-10.214745998382568,-9.723007678985596,-9.119510650634766
1946,7784000,7.784,0,4,0,c00000,-422,-393,-360,-324,-9.432435035705566,-8.784234523773193,-8.046627044677734,-7.241964340209961
1947,7788000,7.788,0,4,0,c00000,-342,-304,-263,-219,-7.644295692443848,-6.794929504394531,-5.8785080909729,-4.895031452178955
1948,7792000,7.792,0,4,0,c00000,-240,-195,-149,-100,-5.364418029785156,-4.3585896492004395,-3.330409526824951,-2.2351741790771484
1949,7796000,7.796,0,4,0,c00000,-124,-75,-25,24,-2.771615982055664,-1.6763806343078613,-0.5587935447692871,0.5364418029785156
1950,7800000,7.8,0,4,0,c00000,0,49,99,147,0.0,1.0952353477478027,2.212822437286377,3.285706043243408
1951,7804000,7.804,0,4,0,c00000,124,172,218,261,2.771615982055664,3.8444995880126953,4.872679710388184,5.833804607391357
1952,7808000,7.808,0,4,0,c00000,240,283,323,359,5.364418029785156,6.32554292678833,7.2196125984191895,8.024275302886963
1953,7812000,7.812,0,4,0,c00000,342,376,407,434,7.644295692443848,8.404254913330078,9.097158908843994,9.700655937194824
1954,7816000,7.816,0,4,0,c00000,422,446,466,482,9.432435035705566,9.968876838684082,10.415911674499512,10.773539543151855
1955,7820000,7.82,0,4,0,c00000,475,488,496,499,10.617077350616455,10.907649993896484,11.086463928222656,11.15351915359497
1956,7824000,7.824,0,4,0,c00000,499,499,495,486,11.15351915359497,11.15351915359497,11.064112186431885,10.862946510314941
1957,7828000,7.828,0,4,0,c00000,491,479,462,441,10.974705219268799,10.706484317779541,10.326504707336426,9.857118129730225
1958,7832000,7.832,0,4,0,c00000,452,428,401,369,10.102987289428711,9.566545486450195,8.963048458099365,8.247792720794678
1959,7836000,7.836,0,4,0,c00000,385,351,314,273,8.605420589447021,7.845461368560791,7.018446922302246,6.102025508880615
1960,7840000,7.84,0,4,0,c00000,293,252,207,161,6.549060344696045,5.632638931274414,4.626810550689697,3.598630428314209
1961,7844000,7.844,0,4,0,c00000,184,136,88,38,4.112720489501953,3.039836883544922,1.9669532775878906,0.8493661880493164
1962,7848000,7.848,0,4,0,c00000,62,12,-37,-86,1.385807991027832,0.2682209014892578,-0.8270144462585449,-1.9222497940063477
1963,7852000,7.852,0,4,0,c00000,-62,-111,-159,-206,-1.385807991027832,-2.4810433387756348,-3.553926944732666,-4.604458808898926
1964,7856000,7.856,0,4,0,c00000,-184,-229,-272,-313,-4.112720489501953,-5.11854887008667,-6.079673767089844,-6.996095180511475
1965,7860000,7.86,0,4,0,c00000,-293,-332,-368,-400,-6.549060344696045,-7.420778274536133,-8.225440979003906,-8.940696716308594
1966,7864000,7.864,0,4,0,c00000,-385,-415,-440,-462,-8.605420589447021,-9.275972843170166,-9.834766387939453,-10.326504707336426
1967,7868000,7.868,0,4,0,c00000,-452,-471,-485,-495,-10.102987289428711,-10.52767038345337,-10.84059476852417,-11.064112186431885
1968,7872000,7.872,0,4,0,c00000,-491,-498,-499,-496,-10.974705219268799,-11.1311674118042,-11.15351915359497,-11.086463928222656
1969,7876000,7.876,0,4,0,c00000,-499,-493,-482,-467,-11.15351915359497,-11.019408702850342,-10.773539543151855,-10.438263416290283
1970,7880000,7.88,0,4,0,c00000,-475,-457,-435,-408,-10.617077350616455,-10.214745998382568,-9.723007678985596,-9.119510650634766
1971,7884000,7.884,0,4,0,c00000,-422,-393,-360,-324,-9.432435035705566,-8.784234523773193,-8.046627044677734,-7.241964340209961
1972,7888000,7.888,0,4,0,c00000,-342,-304,-263,-219,-7.644295692443848,-6.794929504394531,-5.8785080909729,-4.895031452178955
1973,7892000,7.892,0,4,0,c00000,-240,-195,-149,-100,-5.364418029785156,-4.3585896492004395,-3.330409526824951,-2.2351741790771484
1974,7896000,7.896,0,4,0,c00000,-124,-75,-25,24,-2.771615982055664,-1.6763806343078613,-0.5587935447692871,0.5364418029785156
1975,7900000,7.9,0,4,0,c00000,0,49,99,147,0.0,1.0952353477478027,2.212822437286377,3.285706043243408
1976,7904000,7.904,0,4,0,c00000,124,172,218,261,2.771615982055664,3.8444995880126953,4.872679710388184,5.833804607391357
1977,7908000,7.908,0,4,0,c00000,240,283,323,359,5.364418029785156,6.32554292678833,7.2196125984191895,8.024275302886963
1978,7912000,7.912,0,4,0,c00000,342,376,407,434,7.644295692443848,8.404254913330078,9.097158908843994,9.700655937194824
1979,7916000,7.916,0,4,0,c00000,422,446,466,482,9.432435035705566,9.968876838684082,10.415911674499512,10.773539543151855
1980,7920000,7.92,0,4,0,c00000,475,488,496,499,10.617077350616455,10.907649993896484,11.086463928222656,11.15351915359497
1981,7924000,7.924,0,4,0,c00000,499,499,495,486,11.15351915359497,11.15351915359497,11.064112186431885,10.862946510314941
1982,7928000,7.928,0,4,0,c00000,491,479,462,441,10.974705219268799,10.706484317779541,10.326504707336426,9.857118129730225
1983,7932000,7.932,0,4,0,c00000,452,428,401,369,10.102987289428711,9.566545486450195,8.963048458099365,8.247792720794678
1984,7936000,7.936,0,4,0,c00000,385,351,314,273,8.605420589447021,7.845461368560791,7.018446922302246,6.102025508880615
1985,7940000,7.94,0,4,0,c00000,293,252,207,161,6.549060344696045,5.632638931274414,4.626810550689697,3.598630428314209
1986,7944000,7.944,0,4,0,c00000,184,136,88,38,4.112720489501953,3.039836883544922,1.9669532775878906,0.8493661880493164
1987,7948000,7.948,0,4,0,c00000,62,12,-37,-86,1.385807991027832,0.2682209014892578,-0.8270144462585449,-1.9222497940063477
1988,7952000,7.952,0,4,0,c00000,-62,-111,-159,-206,-1.385807991027832,-2.4810433387756348,-3.553926944732666,-4.604458808898926
1989,7956000,7.956,0,4,0,c00000,-184,-229,-272,-313,-4.112720489501953,-5.11854887008667,-6.079673767089844,-6.996095180511475
1990,7960000,7.96,0,4,0,c00000,-293,-332,-368,-400,-6.549060344696045,-7.420778274536133,-8.225440979003906,-8.940696716308594
1991,7964000,7.964,0,4,0,c00000,-385,-415,-440,-462,-8.605420589447021,-9.275972843170166,-9.834766387939453,-10.326504707336426
1992,7968000,7.968,0,4,0,c00000,-452,-471,-485,-495,-10.102987289428711,-10.52767038345337,-10.84059476852417,-11.064112186431885
1993,7972000,7.972,0,4,0,c00000,-491,-498,-499,-496,-10.974705219268799,-11.1311674118042,-11.15351915359497,-11.086463928222656
1994,7976000,7.976,0,4,0,c00000,-499,-493,-482,-467,-11.15351915359497,-11.019408702850342,-10.773539543151855,-10.438263416290283
1995,7980000,7.98,0,4,0,c00000,-475,-457,-435,-408,-10.617077350616455,-10.214745998382568,-9.723007678985596,-9.119510650634766
1996,7984000,7.984,0,4,0,c00000,-422,-393,-360,-324,-9.432435035705566,-8.784234523773193,-8.046627044677734,-7.241964340209961
1997,7988000,7.988,0,4,0,c00000,-342,-304,-263,-219,-7.644295692443848,-6.794929504394531,-5.8785080909729,-4.895031452178955
1998,7992000,7.992,0,4,0,c00000,-240,-195,-149,-100,-5.364418029785156,-4.3585896492004395,-3.330409526824951,-2.2351741790771484
1999,7996000,7.996,0,4,0,c00000,-124,-75,-25,24,-2.771615982055664,-1.6763806343078613,-0.5587935447692871,0.5364418029785156
2001,8004000,8.004,1,4,0,c00000,124,172,218,261,2.771615982055664,3.8444995880126953,4.872679710388184,5.833804607391357
2002,8008000,8.008,0,4,0,c00000,240,283,323,359,5.364418029785156,6.32554292678833,7.2196125984191895,8.024275302886963
2003,8012000,8.012,0,4,0,c00000,342,376,407,434,7.644295692443848,8.404254913330078,9.097158908843994,9.700655937194824
2004,8016000,8.016,0,4,0,c00000,422,446,466,482,9.432435035705566,9.968876838684082,10.415911674499512,10.773539543151855
2005,8020000,8.02,0,4,0,c00000,475,488,496,499,10.617077350616455,10.907649993896484,11.086463928222656,11.15351915359497
2006,8024000,8.024,0,4,0,c00000,499,499,495,486,11.15351915359497,11.15351915359497,11.064112186431885,10.862946510314941
2007,8028000,8.028,0,4,0,c00000,491,479,462,441,10.974705219268799,10.706484317779541,10.326504707336426,9.857118129730225
2008,8032000,8.032,0,4,0,c00000,452,428,401,369,10.102987289428711,9.566545486450195,8.963048458099365,8.247792720794678
2009,8036000,8.036,0,4,0,c00000,385,351,314,273,8.605420589447021,7.845461368560791,7.018446922302246,6.102025508880615
2010,8040000,8.04,0,4,0,c00000,293,252,207,161,6.549060344696045,5.632638931274414,4.626810550689697,3.598630428314209
2011,8044000,8.044,0,4,0,c00000,184,136,88,38,4.112720489501953,3.039836883544922,1.9669532775878906,0.8493661880493164
2012,8048000,8.048,0,4,0,c00000,62,12,-37,-86,1.385807991027832,0.2682209014892578,-0.8270144462585449,-1.9222497940063477
2013,8052000,8.052,0,4,0,c00000,-62,-111,-159,-206,-1.385807991027832,-2.4810433387756348,-3.553926944732666,-4.604458808898926
2014,8056000,8.056,0,4,0,c00000,-184,-229,-272,-313,-4.112720489501953,-5.11854887008667,-6.079673767089844,-6.996095180511475
2015,8060000,8.06,0,4,0,c00000,-293,-332,-368,-400,-6.549060344696045,-7.420778274536133,-8.225440979003906,-8.940696716308594
2016,8064000,8.064,0,4,0,c00000,-385,-415,-440,-462,-8.605420589447021,-9.275972843170166,-9.834766387939453,-10.326504707336426
2017,8068000,8.068,0,4,0,c00000,-452,-471,-485,-495,-10.102987289428711,-10.52767038345337,-10.84059476852417,-11.064112186431885
2018,8072000,8.072,0,4,0,c00000,-491,-498,-499,-496,-10.974705219268799,-11.1311674118042,-11.15351915359497,-11.086463928222656
2019,8076000,8.076,0,4,0,c00000,-499,-493,-482,-467,-11.15351915359497,-11.019408702850342,-10.773539543151855,-10.438263416290283
2020,8080000,8.08,0,4,0,c00000,-475,-457,-435,-408,-10.617077350616455,-10.214745998382568,-9.723007678985596,-9.119510650634766
2021,8084000,8.084,0,4,0,c00000,-422,-393,-360,-324,-9.432435035705566,-8.784234523773193,-8.046627044677734,-7.241964340209961
2022,8088000,8.088,0,4,0,c00000,-342,-304,-263,-219,-7.644295692443848,-6.794929504394531,-5.8785080909729,-4.895031452178955
2023,8092000,8.092,0,4,0,c00000,-240,-195,-149,-100,-5.364418029785156,-4.3585896492004395,-3.330409526824951,-2.2351741790771484
2024,8096000,8.096,0,4,0,c00000,-124,-75,-25,24,-2.771615982055664,-1.6763806343078613,-0.5587935447692871,0.5364418029785156
2025,8100000,8.1,0,4,0,c00000,0,49,99,147,0.0,1.0952353477478027,2.212822437286377,3.285706043243408
2026,8104000,8.104,0,4,0,c00000,124,172,218,261,2.771615982055664,3.8444995880126953,4.872679710388184,5.833804607391357
2027,8108000,8.108,0,4,0,c00000,240,283,323,359,5.364418029785156,6.32554292678833,7.2196125984191895,8.024275302886963
2028,8112000,8.112,0,4,0,c00000,342,376,407,434,7.644295692443848,8.404254913330078,9.097158908843994,9.700655937194824
2029,8116000,8.116,0,4,0,c00000,422,446,466,482,9.432435035705566,9.968876838684082,10.415911674499512,10.773539543151855
2030,8120000,8.12,0,4,0,c00000,475,488,496,499,10.617077350616455,10.907649993896484,11.086463928222656,11.15351915359497
2031,8124000,8.124,0,4,0,c00000,499,499,495,486,11.15351915359497,11.15351915359497,11.064112186431885,10.862946510314941
2032,8128000,8.128,0,4,0,c00000,491,479,462,441,10.974705219268799,10.706484317779541,10.326504707336426,9.857118129730225
2033,8132000,8.132,0,4,0,c00000,452,428,401,369,10.102987289428711,9.566545486450195,8.963048458099365,8.247792720794678
2034,8136000,8.136,0,4,0,c00000,385,351,314,273,8.605420589447021,7.845461368560791,7.018446922302246,6.102025508880615
2035,8140000,8.14,0,4,0,c00000,293,252,207,161,6.549060344696045,5.632638931274414,4.626810550689697,3.598630428314209
2036,8144000,8.144,0,4,0,c00000,184,136,88,38,4.112720489501953,3.039836883544922,1.9669532775878906,0.8493661880493164
2037,8148000,8.148,0,4,0,c00000,62,12,-37,-86,1.385807991027832,0.2682209014892578,-0.8270144462585449,-1.9222497940063477
2038,8152000,8.152,0,4,0,c00000,-62,-111,-159,-206,-1.385807991027832,-2.4810433387756348,-3.553926944732666,-4.604458808898926
2039,8156000,8.156,0,4,0,c00000,-184,-229,-272,-313,-4.112720489501953,-5.11854887008667,-6.079673767089844,-6.996095180511475
2040,8160000,8.16,0,4,0,c00000,-293,-332,-368,-400,-6.549060344696045,-7.420778274536133,-8.225440979003906,-8.940696716308594
2041,8164000,8.164,0,4,0,c00000,-385,-415,-440,-462,-8.605420589447021,-9.275972843170166,-9.834766387939453,-10.326504707336426
2042,8168000,8.168,0,4,0,c00000,-452,-471,-485,-495,-10.102987289428711,-10.52767038345337,-10.84059476852417,-11.064112186431885
2043,8172000,8.172,0,4,0,c00000,-491,-498,-499,-496,-10.974705219268799,-11.1311674118042,-11.15351915359497,-11.086463928222656
2044,8176000,8.176,0,4,0,c00000,-499,-493,-482,-467,-11.15351915359497,-11.019408702850342,-10.773539543151855,-10.438263416290283
2045,8180000,8.18,0,4,0,c00000,-475,-457,-435,-408,-10.617077350616455,-10.214745998382568,-9.723007678985596,-9.119510650634766
2046,8184000,8.184,0,4,0,c00000,-422,-393,-360,-324,-9.432435035705566,-8.784234523773193,-8.046627044677734,-7.241964340209961
2047,8188000,8.188,0,4,0,c00000,-342,-304,-263,-219,-7.644295692443848,-6.794929504394531,-5.8785080909729,-4.895031452178955
2048,8192000,8.192,0,4,0,c00000,-240,-195,-149,-100,-5.364418029785156,-4.3585896492004395,-3.330409526824951,-2.2351741790771484
2049,8196000,8.196,0,4,0,c00000,-124,-75,-25,24,-2.771615982055664,-1.6763806343078613,-0.5587935447692871,0.5364418029785156
2050,8200000,8.2,0,4,0,c00000,0,49,99,147,0.0,1.0952353477478027,2.212822437286377,3.285706043243408
2051,8204000,8.204,0,4,0,c00000,124,172,218,261,2.771615982055664,3.8444995880126953,4.872679710388184,5.833804607391357
2052,8208000,8.208,0,4,0,c00000,240,283,323,359,5.364418029785156,6.32554292678833,7.2196125984191895,8.024275302886963
2053,8212000,8.212,0,4,0,c00000,342,376,407,434,7.644295692443848,8.404254913330078,9.097158908843994,9.700655937194824
2054,8216000,8.216,0,4,0,c00000,422,446,466,482,9.432435035705566,9.968876838684082,10.415911674499512,10.773539543151855
2055,8220000,8.22,0,4,0,c00000,475,488,496,499,10.617077350616455,10.907649993896484,11.086463928222656,11.15351915359497
2056,8224000,8.224,0,4,0,c00000,499,499,495,486,11.15351915359497,11.15351915359497,11.064112186431885,10.862946510314941
2057,8228000,8.228,0,4,0,c00000,491,479,462,441,10.974705219268799,10.706484317779541,10.326504707336426,9.857118129730225
2058,8232000,8.232,0,4,0,c00000,452,428,401,369,10.102987289428711,9.566545486450195,8.963048458099365,8.247792720794678
2059,8236000,8.236,0,4,0,c00000,385,351,314,273,8.605420589447021,7.845461368560791,7.018446922302246,6.102025508880615
2060,8240000,8.24,0,4,0,c00000,293,252,207,161,6.549060344696045,5.632638931274414,4.626810550689697,3.598630428314209
2061,8244000,8.244,0,4,0,c00000,184,136,88,38,4.112720489501953,3.039836883544922,1.9669532775878906,0.8493661880493164
2062,8248000,8.248,0,4,0,c00000,62,12,-37,-86,1.385807991027832,0.2682209014892578,-0.8270144462585449,-1.9222497940063477
2063,8252000,8.252,0,4,0,c00000,-62,-111,-159,-206,-1.385807991027832,-2.4810433387756348,-3.553926944732666,-4.604458808898926
2064,8256000,8.256,0,4,0,c00000,-184,-229,-272,-313,-4.112720489501953,-5.11854887008667,-6.079673767089844,-6.996095180511475
2065,8260000,8.26,0,4,0,c00000,-293,-332,-368,-400,-6.549060344696045,-7.420778274536133,-8.225440979003906,-8.940696716308594
2066,8264000,8.264,0,4,0,c00000,-385,-415,-440,-462,-8.605420589447021,-9.275972843170166,-9.834766387939453,-10.326504707336426
2067,8268000,8.268,0,4,0,c00000,-452,-471,-485,-495,-10.102987289428711,-10.52767038345337,-10.84059476852417,-11.064112186431885
2068,8272000,8.272,0,4,0,c00000,-491,-498,-499,-496,-10.974705219268799,-11.1311674118042,-11.15351915359497,-11.086463928222656
2069,8276000,8.276,0,4,0,c00000,-499,-493,-482,-467,-11.15351915359497,-11.019408702850342,-10.773539543151855,-10.438263416290283
2070,8280000,8.28,0,4,0,c00000,-475,-457,-435,-408,-10.617077350616455,-10.214745998382568,-9.723007678985596,-9.119510650634766
2071,8284000,8.284,0,4,0,c00000,-422,-393,-360,-324,-9.432435035705566,-8.784234523773193,-8.046627044677734,-7.241964340209961
2072,8288000,8.288,0,4,0,c00000,-342,-304,-263,-219,-7.644295692443848,-6.794929504394531,-5.8785080909729,-4.895031452178955
2073,8292000,8.292,0,4,0,c00000,-240,-195,-149,-100,-5.364418029785156,-4.3585896492004395,-3.330409526824951,-2.2351741790771484
2074,8296000,8.296,0,4,0,c00000,-124,-75,-25,24,-2.771615982055664,-1.6763806343078613,-0.5587935447692871,0.5364418029785156
2075,8300000,8.3,0,4,0,c00000,0,49,99,147,0.0,1.0952353477478027,2.212822437286377,3.285706043243408
2076,8304000,8.304,0,4,0,c00000,124,172,218,261,2.771615982055664,3.8444995880126953,4.872679710388184,5.833804607391357
2077,8308000,8.308,0,4,0,c00000,240,283,323,359,5.364418029785156,6.32554292678833,7.2196125984191895,8.024275302886963
2078,8312000,8.312,0,4,0,c00000,342,376,407,434,7.644295692443848,8.404254913330078,9.097158908843994,9.700655937194824
2079,8316000,8.316,0,4,0,c00000,422,446,466,482,9.432435035705566,9.968876838684082,10.415911674499512,10.773539543151855
2080,8320000,8.32,0,4,0,c00000,475,488,496,499,10.617077350616455,10.907649993896484,11.086463928222656,11.15351915359497
2081,8324000,8.324,0,4,0,c00000,499,499,495,486,11.15351915359497,11.15351915359497,11.064112186431885,10.862946510314941
2082,8328000,8.328,0,4,0,c00000,491,479,462,441,10.974705219268799,10.706484317779541,10.326504707336426,9.857118129730225
2083,8332000,8.332,0,4,0,c00000,452,428,401,369,10.102987289428711,9.566545486450195,8.963048458099365,8.247792720794678
2084,8336000,8.336,0,4,0,c00000,385,351,314,273,8.605420589447021,7.845461368560791,7.018446922302246,6.102025508880615
2085,8340000,8.34,0,4,0,c00000,293,252,207,161,6.549060344696045,5.632638931274414,4.626810550689697,3.598630428314209
2086,8344000,8.344,0,4,0,c00000,184,136,88,38,4.112720489501953,3.039836883544922,1.9669532775878906,0.8493661880493164
2087,8348000,8.348,0,4,0,c00000,62,12,-37,-86,1.385807991027832,0.2682209014892578,-0.8270144462585449,-1.9222497940063477
2088,8352000,8.352,0,4,0,c00000,-62,-111,-159,-206,-1.385807991027832,-2.4810433387756348,-3.553926944732666,-4.604458808898926
2089,8356000,8.356,0,4,0,c00000,-184,-229,-272,-313,-4.112720489501953,-5.11854887008667,-6.079673767089844,-6.996095180511475
2090,8360000,8.36,0,4,0,c00000,-293,-332,-368,-400,-6.549060344696045,-7.420778274536133,-8.225440979003906,-8.940696716308594
2091,8364000,8.364,0,4,0,c00000,-385,-415,-440,-462,-8.605420589447021,-9.275972843170166,-9.834766387939453,-10.326504707336426
2092,8368000,8.368,0,4,0,c00000,-452,-471,-485,-495,-10.102987289428711,-10.52767038345337,-10.84059476852417,-11.064112186431885
2093,8372000,8.372,0,4,0,c00000,-491,-498,-499,-496,-10.974705219268799,-11.1311674118042,-11.15351915359497,-11.086463928222656
2094,8376000,8.376,0,4,0,c00000,-499,-493,-482,-467,-11.15351915359497,-11.019408702850342,-10.773539543151855,-10.438263416290283
2095,8380000,8.38,0,4,0,c00000,-475,-457,-435,-408,-10.617077350616455,-10.214745998382568,-9.723007678985596,-9.119510650634766
2096,8384000,8.384,0,4,0,c00000,-422,-393,-360,-324,-9.432435035705566,-8.784234523773193,-8.046627044677734,-7.241964340209961
2097,8388000,8.388,0,4,0,c00000,-342,-304,-263,-219,-7.644295692443848,-6.794929504394531,-5.8785080909729,-4.895031452178955
2098,8392000,8.392,0,4,0,c00000,-240,-195,-149,-100,-5.364418029785156,-4.3585896492004395,-3.330409526824951,-2.2351741790771484
2099,8396000,8.396,0,4,0,c00000,-124,-75,-25,24,-2.771615982055664,-1.6763806343078613,-0.5587935447692871,0.5364418029785156
2100,8400000,8.4,0,4,0,c00000,0,49,99,147,0.0,1.0952353477478027,2.212822437286377,3.285706043243408
2101,8404000,8.404,0,4,0,c00000,124,172,218,261,2.771615982055664,3.8444995880126953,4.872679710388184,5.833804607391357
2102,8408000,8.408,0,4,0,c00000,240,283,323,359,5.364418029785156,6.32554292678833,7.2196125984191895,8.024275302886963
2103,8412000,8.412,0,4,0,c00000,342,376,407,434,7.644295692443848,8.404254913330078,9.097158908843994,9.700655937194824
2104,8416000,8.416,0,4,0,c00000,422,446,466,482,9.432435035705566,9.968876838684082,10.415911674499512,10.773539543151855
2105,8420000,8.42,0,4,0,c00000,475,488,496,499,10.617077350616455,10.907649993896484,11.086463928222656,11.15351915359497
2106,8424000,8.424,0,4,0,c00000,499,499,495,486,11.15351915359497,11.15351915359497,11.064112186431885,10.862946510314941
2107,8428000,8.428,0,4,0,c00000,491,479,462,441,10.974705219268799,10.706484317779541,10.326504707336426,9.857118129730225
2108,8432000,8.432,0,4,0,c00000,452,428,401,369,10.102987289428711,9.566545486450195,8.963048458099365,8.247792720794678
2109,8436000,8.436,0,4,0,c00000,385,351,314,273,8.605420589447021,7.845461368560791,7.018446922302246,6.102025508880615
2110,8440000,8.44,0,4,0,c00000,293,252,207,161,6.549060344696045,5.632638931274414,4.626810550689697,3.598630428314209
2111,8444000,8.444,0,4,0,c00000,184,136,88,38,4.112720489501953,3.039836883544922,1.9669532775878906,0.8493661880493164
2112,8448000,8.448,0,4,0,c00000,62,12,-37,-86,1.385807991027832,0.2682209014892578,-0.8270144462585449,-1.9222497940063477
2113,8452000,8.452,0,4,0,c00000,-62,-111,-159,-206,-1.385807991027832,-2.4810433387756348,-3.553926944732666,-4.604458808898926
2114,8456000,8.456,0,4,0,c00000,-184,-229,-272,-313,-4.112720489501953,-5.11854887008667,-6.079673767089844,-6.996095180511475
2115,8460000,8.46,0,4,0,c00000,-293,-332,-368,-400,-6.549060344696045,-7.420778274536133,-8.225440979003906,-8.940696716308594
2116,8464000,8.464,0,4,0,c00000,-385,-415,-440,-462,-8.605420589447021,-9.275972843170166,-9.834766387939453,-10.326504707336426
2117,8468000,8.468,0,4,0,c00000,-452,-471,-485,-495,-10.102987289428711,-10.52767038345337,-10.84059476852417,-11.064112186431885
2118,8472000,8.472,0,4,0,c00000,-491,-498,-499,-496,-10.974705219268799,-11.1311674118042,-11.15351915359497,-11.086463928222656
2119,8476000,8.476,0,4,0,c00000,-499,-493,-482,-467,-11.15351915359497,-11.019408702850342,-10.773539543151855,-10.438263416290283
2120,8480000,8.48,0,4,0,c00000,-475,-457,-435,-408,-10.617077350616455,-10.214745998382568,-9.723007678985596,-9.119510650634766
2121,8484000,8.484,0,4,0,c00000,-422,-393,-360,-324,-9.432435035705566,-8.784234523773193,-8.046627044677734,-7.241964340209961
2122,8488000,8.488,0,4,0,c00000,-342,-304,-263,-219,-7.644295692443848,-6.794929504394531,-5.8785080909729,-4.895031452178955
2123,8492000,8.492,0,4,0,c00000,-240,-195,-149,-100,-5.364418029785156,-4.3585896492004395,-3.330409526824951,-2.2351741790771484
2124,8496000,8.496,0,4,0,c00000,-124,-75,-25,24,-2.771615982055664,-1.6763806343078613,-0.5587935447692871,0.5364418029785156
2125,8500000,8.5,0,4,0,c00000,0,49,99,147,0.0,1.0952353477478027,2.212822437286377,3.285706043243408
2126,8504000,8.504,0,4,0,c00000,124,172,218,261,2.771615982055664,3.8444995880126953,4.872679710388184,5.833804607391357
2127,8508000,8.508,0,4,0,c00000,240,283,323,359,5.364418029785156,6.32554292678833,7.2196125984191895,8.024275302886963
2128,8512000,8.512,0,4,0,c00000,342,376,407,434,7.644295692443848,8.404254913330078,9.097158908843994,9.700655937194824
2129,8516000,8.516,0,4,0,c00000,422,446,466,482,9.432435035705566,9.968876838684082,10.415911674499512,10.773539543151855
2130,8520000,8.52,0,4,0,c00000,475,488,496,499,10.617077350616455,10.907649993896484,11.086463928222656,11.15351915359497
2131,8524000,8.524,0,4,0,c00000,499,499,495,486,11.15351915359497,11.15351915359497,11.064112186431885,10.862946510314941
2132,8528000,8.528,0,4,0,c00000,491,479,462,441,10.974705219268799,10.706484317779541,10.326504707336426,9.857118129730225
2133,8532000,8.532,0,4,0,c00000,452,428,401,369,10.102987289428711,9.566545486450195,8.963048458099365,8.247792720794678
2134,8536000,8.536,0,4,0,c00000,385,351,314,273,8.605420589447021,7.845461368560791,7.018446922302246,6.102025508880615
2135,8540000,8.54,0,4,0,c00000,293,252,207,161,6.549060344696045,5.632638931274414,4.626810550689697,3.598630428314209
2136,8544000,8.544,0,4,0,c00000,184,136,88,38,4.112720489501953,3.039836883544922,1.9669532775878906,0.8493661880493164
2137,8548000,8.548,0,4,0,c00000,62,12,-37,-86,1.385807991027832,0.2682209014892578,-0.8270144462585449,-1.9222497940063477
2138,8552000,8.552,0,4,0,c00000,-62,-111,-159,-206,-1.385807991027832,-2.4810433387756348,-3.553926944732666,-4.604458808898926
2139,8556000,8.556,0,4,0,c00000,-184,-229,-272,-313,-4.112720489501953,-5.11854887008667,-6.079673767089844,-6.996095180511475
2140,8560000,8.56,0,4,0,c00000,-293,-332,-368,-400,-6.549060344696045,-7.420778274536133,-8.225440979003906,-8.940696716308594
2141,8564000,8.564,0,4,0,c00000,-385,-415,-440,-462,-8.605420589447021,-9.275972843170166,-9.834766387939453,-10.326504707336426
2142,8568000,8.568,0,4,0,c00000,-452,-471,-485,-495,-10.102987289428711,-10.52767038345337,-10.84059476852417,-11.064112186431885
2143,8572000,8.572,0,4,0,c00000,-491,-498,-499,-496,-10.974705219268799,-11.1311674118042,-11.15351915359497,-11.086463928222656
2144,8576000,8.576,0,4,0,c00000,-499,-493,-482,-467,-11.15351915359497,-11.019408702850342,-10.773539543151855,-10.438263416290283
2145,8580000,8.58,0,4,0,c00000,-475,-457,-435,-408,-10.617077350616455,-10.214745998382568,-9.723007678985596,-9.119510650634766
2146,8584000,8.584,0,4,0,c00000,-422,-393,-360,-324,-9.432435035705566,-8.784234523773193,-8.046627044677734,-7.241964340209961
2147,8588000,8.588,0,4,0,c00000,-342,-304,-263,-219,-7.644295692443848,-6.794929504394531,-5.8785080909729,-4.895031452178955
2148,8592000,8.592,0,4,0,c00000,-240,-195,-149,-100,-5.364418029785156,-4.3585896492004395,-3.330409526824951,-2.2351741790771484
2149,8596000,8.596,0,4,0,c00000,-124,-75,-25,24,-2.771615982055664,-1.6763806343078613,-0.5587935447692871,0.5364418029785156
2150,8600000,8.6,0,4,0,c00000,0,49,99,147,0.0,1.0952353477478027,2.212822437286377,3.285706043243408
2151,8604000,8.604,0,4,0,c00000,124,172,218,261,2.771615982055664,3.8444995880126953,4.872679710388184,5.833804607391357
2152,8608000,8.608,0,4,0,c00000,240,283,323,359,5.364418029785156,6.32554292678833,7.2196125984191895,8.024275302886963
2153,8612000,8.612,0,4,0,c00000,342,376,407,434,7.644295692443848,8.404254913330078,9.097158908843994,9.700655937194824
2154,8616000,8.616,0,4,0,c00000,422,446,466,482,9.432435035705566,9.968876838684082,10.415911674499512,10.773539543151855
2155,8620000,8.62,0,4,0,c00000,475,488,496,499,10.617077350616455,10.907649993896484,11.086463928222656,11.15351915359497
2156,8624000,8.624,0,4,0,c00000,499,499,495,486,11.15351915359497,11.15351915359497,11.064112186431885,10.862946510314941
2157,8628000,8.628,0,4,0,c00000,491,479,462,441,10.974705219268799,10.706484317779541,10.326504707336426,9.857118129730225
2158,8632000,8.632,0,4,0,c00000,452,428,401,369,10.102987289428711,9.566545486450195,8.963048458099365,8.247792720794678
2159,8636000,8.636,0,4,0,c00000,385,351,314,273,8.605420589447021,7.845461368560791,7.018446922302246,6.102025508880615
2160,8640000,8.64,0,4,0,c00000,293,252,207,161,6.549060344696045,5.632638931274414,4.626810550689697,3.598630428314209
2161,8644000,8.644,0,4,0,c00000,184,136,88,38,4.112720489501953,3.039836883544922,1.9669532775878906,0.8493661880493164
2162,8648000,8.648,0,4,0,c00000,62,12,-37,-86,1.385807991027832,0.2682209014892578,-0.8270144462585449,-1.9222497940063477
2163,8652000,8.652,0,4,0,c00000,-62,-111,-159,-206,-1.385807991027832,-2.4810433387756348,-3.553926944732666,-4.604458808898926
2164,8656000,8.656,0,4,0,c00000,-184,-229,-272,-313,-4.112720489501953,-5.11854887008667,-6.079673767089844,-6.996095180511475
2165,8660000,8.66,0,4,0,c00000,-293,-332,-368,-400,-6.549060344696045,-7.420778274536133,-8.225440979003906,-8.940696716308594
2166,8664000,8.664,0,4,0,c00000,-385,-415,-440,-462,-8.605420589447021,-9.275972843170166,-9.834766387939453,-10.326504707336426
2167,8668000,8.668,0,4,0,c00000,-452,-471,-485,-495,-10.102987289428711,-10.52767038345337,-10.84059476852417,-11.064112186431885
2168,8672000,8.672,0,4,0,c00000,-491,-498,-499,-496,-10.974705219268799,-11.1311674118042,-11.15351915359497,-11.086463928222656
2169,8676000,8.676,0,4,0,c00000,-499,-493,-482,-467,-11.15351915359497,-11.019408702850342,-10.773539543151855,-10.438263416290283
2170,8680000,8.68,0,4,0,c00000,-475,-457,-435,-408,-10.617077350616455,-10.214745998382568,-9.723007678985596,-9.119510650634766
2171,8684000,8.684,0,4,0,c00000,-422,-393,-360,-324,-9.432435035705566,-8.784234523773193,-8.046627044677734,-7.241964340209961
2172,8688000,8.688,0,4,0,c00000,-342,-304,-263,-219,-7.644295692443848,-6.794929504394531,-5.8785080909729,-4.895031452178955
2173,8692000,8.692,0,4,0,c00000,-240,-195,-149,-100,-5.364418029785156,-4.3585896492004395,-3.330409526824951,-2.2351741790771484
2174,8696000,8.696,0,4,0,c00000,-124,-75,-25,24,-2.771615982055664,-1.6763806343078613,-0.5587935447692871,0.5364418029785156
2175,8700000,8.7,0,4,0,c00000,0,49,99,147,0.0,1.0952353477478027,2.212822437286377,3.285706043243408
2176,8704000,8.704,0,4,0,c00000,124,172,218,261,2.771615982055664,3.8444995880126953,4.872679710388184,5.833804607391357
2177,8708000,8.708,0,4,0,c00000,240,283,323,359,5.364418029785156,6.32554292678833,7.2196125984191895,8.024275302886963
2178,8712000,8.712,0,4,0,c00000,342,376,407,434,7.644295692443848,8.404254913330078,9.097158908843994,9.700655937194824
2179,8716000,8.716,0,4,0,c00000,422,446,466,482,9.432435035705566,9.968876838684082,10.415911674499512,10.773539543151855
2180,8720000,8.72,0,4,0,c00000,475,488,496,499,10.617077350616455,10.907649993896484,11.086463928222656,11.15351915359497
2181,8724000,8.724,0,4,0,c00000,499,499,495,486,11.15351915359497,11.15351915359497,11.064112186431885,10.862946510314941
2182,8728000,8.728,0,4,0,c00000,491,479,462,441,10.974705219268799,10.706484317779541,10.326504707336426,9.857118129730225
2183,8732000,8.732,0,4,0,c00000,452,428,401,369,10.102987289428711,9.566545486450195,8.963048458099365,8.247792720794678
2184,8736000,8.736,0,4,0,c00000,385,351,314,273,8.605420589447021,7.845461368560791,7.018446922302246,6.102025508880615
2185,8740000,8.74,0,4,0,c00000,293,252,207,161,6.549060344696045,5.632638931274414,4.626810550689697,3.598630428314209
2186,8744000,8.744,0,4,0,c00000,184,136,88,38,4.112720489501953,3.039836883544922,1.9669532775878906,0.8493661880493164
2187,8748000,8.748,0,4,0,c00000,62,12,-37,-86,1.385807991027832,0.2682209014892578,-0.8270144462585449,-1.9222497940063477
2188,8752000,8.752,0,4,0,c00000,-62,-111,-159,-206,-1.385807991027832,-2.4810433387756348,-3.553926944732666,-4.604458808898926
2189,8756000,8.756,0,4,0,c00000,-184,-229,-272,-313,-4.112720489501953,-5.11854887008667,-6.079673767089844,-6.996095180511475
2190,8760000,8.76,0,4,0,c00000,-293,-332,-368,-400,-6.549060344696045,-7.420778274536133,-8.225440979003906,-8.940696716308594
2191,8764000,8.764,0,4,0,c00000,-385,-415,-440,-462,-8.605420589447021,-9.275972843170166,-9.834766387939453,-10.326504707336426
2192,8768000,8.768,0,4,0,c00000,-452,-471,-485,-495,-10.102987289428711,-10.52767038345337,-10.84059476852417,-11.064112186431885
2193,8772000,8.772,0,4,0,c00000,-491,-498,-499,-496,-10.974705219268799,-11.1311674118042,-11.15351915359497,-11.086463928222656
2194,8776000,8.776,0,4,0,c00000,-499,-493,-482,-467,-11.15351915359497,-11.019408702850342,-10.773539543151855,-10.438263416290283
2195,8780000,8.78,0,4,0,c00000,-475,-457,-435,-408,-10.617077350616455,-10.214745998382568,-9.723007678985596,-9.119510650634766
2196,8784000,8.784,0,4,0,c00000,-422,-393,-360,-324,-9.432435035705566,-8.784234523773193,-8.046627044677734,-7.241964340209961
2197,8788000,8.788,0,4,0,c00000,-342,-304,-263,-219,-7.644295692443848,-6.794929504394531,-5.8785080909729,-4.895031452178955
2198,8792000,8.792,0,4,0,c00000,-240,-195,-149,-100,-5.364418029785156,-4.3585896492004395,-3.330409526824951,-2.2351741790771484
2199,8796000,8.796,0,4,0,c00000,-124,-75,-25,24,-2.771615982055664,-1.6763806343078613,-0.5587935447692871,0.5364418029785156
2200,8800000,8.8,0,4,0,c00000,0,49,99,147,0.0,1.0952353477478027,2.212822437286377,3.285706043243408
2201,8804000,8.804,0,4,0,c00000,124,172,218,261,2.771615982055664,3.8444995880126953,4.872679710388184,5.833804607391357
2202,8808000,8.808,0,4,0,c00000,240,283,323,359,5.364418029785156,6.32554292678833,7.2196125984191895,8.024275302886963
2203,8812000,8.812,0,4,0,c00000,342,376,407,434,7.644295692443848,8.404254913330078,9.097158908843994,9.700655937194824
2204,8816000,8.816,0,4,0,c00000,422,446,466,482,9.432435035705566,9.968876838684082,10.415911674499512,10.773539543151855
2205,8820000,8.82,0,4,0,c00000,475,488,496,499,10.617077350616455,10.907649993896484,11.086463928222656,11.15351915359497
2206,8824000,8.824,0,4,0,c00000,499,499,495,486,11.15351915359497,11.15351915359497,11.064112186431885,10.862946510314941
2207,8828000,8.828,0,4,0,c00000,491,479,462,441,10.974705219268799,10.706484317779541,10.326504707336426,9.857118129730225
2208,8832000,8.832,0,4,0,c00000,452,428,401,369,10.102987289428711,9.566545486450195,8.963048458099365,8.247792720794678
2209,8836000,8.836,0,4,0,c00000,385,351,314,273,8.605420589447021,7.845461368560791,7.018446922302246,6.102025508880615
2210,8840000,8.84,0,4,0,c00000,293,252,207,161,6.549060344696045,5.632638931274414,4.626810550689697,3.598630428314209
2211,8844000,8.844,0,4,0,c00000,184,136,88,38,4.112720489501953,3.039836883544922,1.9669532775878906,0.8493661880493164
2212,8848000,8.848,0,4,0,c00000,62,12,-37,-86,1.385807991027832,0.2682209014892578,-0.8270144462585449,-1.9222497940063477
2213,8852000,8.852,0,4,0,c00000,-62,-111,-159,-206,-1.385807991027832,-2.4810433387756348,-3.553926944732666,-4.604458808898926
2214,8856000,8.856,0,4,0,c00000,-184,-229,-272,-313,-4.112720489501953,-5.11854887008667,-6.079673767089844,-6.996095180511475
2215,8860000,8.86,0,4,0,c00000,-293,-332,-368,-400,-6.549060344696045,-7.420778274536133,-8.225440979003906,-8.940696716308594
2216,8864000,8.864,0,4,0,c00000,-385,-415,-440,-462,-8.605420589447021,-9.275972843170166,-9.834766387939453,-10.326504707336426
2217,8868000,8.868,0,4,0,c00000,-452,-471,-485,-495,-10.102987289428711,-10.52767038345337,-10.84059476852417,-11.064112186431885
2218,8872000,8.872,0,4,0,c00000,-491,-498,-499,-496,-10.974705219268799,-11.1311674118042,-11.15351915359497,-11.086463928222656
2219,8876000,8.876,0,4,0,c00000,-499,-493,-482,-467,-11.15351915359497,-11.019408702850342,-10.773539543151855,-10.438263416290283
2220,8880000,8.88,0,4,0,c00000,-475,-457,-435,-408,-10.617077350616455,-10.214745998382568,-9.723007678985596,-9.119510650634766
2221,8884000,8.884,0,4,0,c00000,-422,-393,-360,-324,-9.432435035705566,-8.784234523773193,-8.046627044677734,-7.241964340209961
2222,8888000,8.888,0,4,0,c00000,-342,-304,-263,-219,-7.644295692443848,-6.794929504394531,-5.8785080909729,-4.895031452178955
2223,8892000,8.892,0,4,0,c00000,-240,-195,-149,-100,-5.364418029785156,-4.3585896492004395,-3.330409526824951,-2.2351741790771484
2224,8896000,8.896,0,4,0,c00000,-124,-75,-25,24,-2.771615982055664,-1.6763806343078613,-0.5587935447692871,0.5364418029785156
2225,8900000,8.9,0,4,0,c00000,0,49,99,147,0.0,1.0952353477478027,2.212822437286377,3.285706043243408
2226,8904000,8.904,0,4,0,c00000,124,172,218,261,2.771615982055664,3.8444995880126953,4.872679710388184,5.833804607391357
2227,8908000,8.908,0,4,0,c00000,240,283,323,359,5.364418029785156,6.32554292678833,7.2196125984191895,8.024275302886963
2228,8912000,8.912,0,4,0,c00000,342,376,407,434,7.644295692443848,8.404254913330078,9.097158908843994,9.700655937194824
2229,8916000,8.916,0,4,0,c00000,422,446,466,482,9.432435035705566,9.968876838684082,10.415911674499512,10.773539543151855
2230,8920000,8.92,0,4,0,c00000,475,488,496,499,10.617077350616455,10.907649993896484,11.086463928222656,11.15351915359497
2231,8924000,8.924,0,4,0,c00000,499,499,495,486,11.15351915359497,11.15351915359497,11.064112186431885,10.862946510314941
2232,8928000,8.928,0,4,0,c00000,491,479,462,441,10.974705219268799,10.706484317779541,10.326504707336426,9.857118129730225
2233,8932000,8.932,0,4,0,c00000,452,428,401,369,10.102987289428711,9.566545486450195,8.963048458099365,8.247792720794678
2234,8936000,8.936,0,4,0,c00000,385,351,314,273,8.605420589447021,7.845461368560791,7.018446922302246,6.102025508880615
2235,8940000,8.94,0,4,0,c00000,293,252,207,161,6.549060344696045,5.632638931274414,4.626810550689697,3.598630428314209
2236,8944000,8.944,0,4,0,c00000,184,136,88,38,4.112720489501953,3.039836883544922,1.9669532775878906,0.8493661880493164
2237,8948000,8.948,0,4,0,c00000,62,12,-37,-86,1.385807991027832,0.2682209014892578,-0.8270144462585449,-1.9222497940063477
2238,8952000,8.952,0,4,0,c00000,-62,-111,-159,-206,-1.385807991027832,-2.4810433387756348,-3.553926944732666,-4.604458808898926
2239,8956000,8.956,0,4,0,c00000,-184,-229,-272,-313,-4.112720489501953,-5.11854887008667,-6.079673767089844,-6.996095180511475
2240,8960000,8.96,0,4,0,c00000,-293,-332,-368,-400,-6.549060344696045,-7.420778274536133,-8.225440979003906,-8.940696716308594
2241,8964000,8.964,0,4,0,c00000,-385,-415,-440,-462,-8.605420589447021,-9.275972843170166,-9.834766387939453,-10.326504707336426
2242,8968000,8.968,0,4,0,c00000,-452,-471,-485,-495,-10.102987289428711,-10.52767038345337,-10.84059476852417,-11.064112186431885
2243,8972000,8.972,0,4,0,c00000,-491,-498,-499,-496,-10.974705219268799,-11.1311674118042,-11.15351915359497,-11.086463928222656
2244,8976000,8.976,0,4,0,c00000,-499,-493,-482,-467,-11.15351915359497,-11.019408702850342,-10.773539543151855,-10.438263416290283
2245,8980000,8.98,0,4,0,c00000,-475,-457,-435,-408,-10.617077350616455,-10.214745998382568,-9.723007678985596,-9.119510650634766
2246,8984000,8.984,0,4,0,c00000,-422,-393,-360,-324,-9.432435035705566,-8.784234523773193,-8.046627044677734,-7.241964340209961
2247,8988000,8.988,0,4,0,c00000,-342,-304,-263,-219,-7.644295692443848,-6.794929504394531,-5.8785080909729,-4.895031452178955
2248,8992000,8.992,0,4,0,c00000,-240,-195,-149,-100,-5.364418029785156,-4.3585896492004395,-3.330409526824951,-2.2351741790771484
2249,8996000,8.996,0,4,0,c00000,-124,-75,-25,24,-2.771615982055664,-1.6763806343078613,-0.5587935447692871,0.5364418029785156
